PHASE|phase-1-1|12:00:10.000 PM 28-Sep-2026
STATE|1|1|0|0|hasResource|true
STATE|1|1|0|0|degraded|true
STATE|1|1|0|0|pDegraded|6.9
STATE|1|1|0|0|totalHarvestedLight|8.42
STATE|1|1|0|0|totalHarvestedHeavy|6.52
STATE|1|1|0|0|totalCropped|5.3
STATE|1|1|0|0|ownedBy|2
STATE|1|1|0|0|village|0
STATE|1|1|0|0|shared?|false
STATE|1|1|0|1|hasResource|false
STATE|1|1|0|1|degraded|true
STATE|1|1|0|1|pDegraded|4.69
STATE|1|1|0|1|totalHarvestedLight|2.47
STATE|1|1|0|1|totalHarvestedHeavy|5.44
STATE|1|1|0|1|totalCropped|5.74
STATE|1|1|0|1|ownedBy|0
STATE|1|1|0|1|village|3
STATE|1|1|0|1|shared?|true
STATE|1|1|0|2|hasResource|true
STATE|1|1|0|2|degraded|false
STATE|1|1|0|2|pDegraded|7.66
STATE|1|1|0|2|totalHarvestedLight|1.6
STATE|1|1|0|2|totalHarvestedHeavy|7.97
STATE|1|1|0|2|totalCropped|1.39
STATE|1|1|0|2|ownedBy|3
STATE|1|1|0|2|village|2
STATE|1|1|0|2|shared?|true
STATE|1|1|0|3|hasResource|true
STATE|1|1|0|3|degraded|false
STATE|1|1|0|3|pDegraded|2.09
STATE|1|1|0|3|totalHarvestedLight|2.15
STATE|1|1|0|3|totalHarvestedHeavy|9.82
STATE|1|1|0|3|totalCropped|8.72
STATE|1|1|0|3|ownedBy|1
STATE|1|1|0|3|village|1
STATE|1|1|0|3|shared?|false
STATE|1|1|0|4|hasResource|false
STATE|1|1|0|4|degraded|false
STATE|1|1|0|4|pDegraded|2.05
STATE|1|1|0|4|totalHarvestedLight|9.41
STATE|1|1|0|4|totalHarvestedHeavy|6.91
STATE|1|1|0|4|totalCropped|9.67
STATE|1|1|0|4|ownedBy|2
STATE|1|1|0|4|village|1
STATE|1|1|0|4|shared?|true
STATE|1|1|0|5|hasResource|true
STATE|1|1|0|5|degraded|false
STATE|1|1|0|5|pDegraded|2.64
STATE|1|1|0|5|totalHarvestedLight|3.32
STATE|1|1|0|5|totalHarvestedHeavy|8.17
STATE|1|1|0|5|totalCropped|5.86
STATE|1|1|0|5|ownedBy|3
STATE|1|1|0|5|village|3
STATE|1|1|0|5|shared?|false
STATE|1|1|0|6|hasResource|true
STATE|1|1|0|6|degraded|true
STATE|1|1|0|6|pDegraded|3.06
STATE|1|1|0|6|totalHarvestedLight|6.96
STATE|1|1|0|6|totalHarvestedHeavy|1.85
STATE|1|1|0|6|totalCropped|4.73
STATE|1|1|0|6|ownedBy|0
STATE|1|1|0|6|village|0
STATE|1|1|0|6|shared?|true
STATE|1|1|0|7|hasResource|false
STATE|1|1|0|7|degraded|false
STATE|1|1|0|7|pDegraded|3.58
STATE|1|1|0|7|totalHarvestedLight|4.04
STATE|1|1|0|7|totalHarvestedHeavy|5.49
STATE|1|1|0|7|totalCropped|4.19
STATE|1|1|0|7|ownedBy|2
STATE|1|1|0|7|village|3
STATE|1|1|0|7|shared?|false
STATE|1|1|1|0|hasResource|true
STATE|1|1|1|0|degraded|false
STATE|1|1|1|0|pDegraded|6.24
STATE|1|1|1|0|totalHarvestedLight|9.54
STATE|1|1|1|0|totalHarvestedHeavy|1.19
STATE|1|1|1|0|totalCropped|2.46
STATE|1|1|1|0|ownedBy|2
STATE|1|1|1|0|village|1
STATE|1|1|1|0|shared?|false
STATE|1|1|1|1|hasResource|false
STATE|1|1|1|1|degraded|true
STATE|1|1|1|1|pDegraded|4.63
STATE|1|1|1|1|totalHarvestedLight|5.9
STATE|1|1|1|1|totalHarvestedHeavy|7.81
STATE|1|1|1|1|totalCropped|3.67
STATE|1|1|1|1|ownedBy|1
STATE|1|1|1|1|village|0
STATE|1|1|1|1|shared?|true
STATE|1|1|1|2|hasResource|false
STATE|1|1|1|2|degraded|true
STATE|1|1|1|2|pDegraded|5.13
STATE|1|1|1|2|totalHarvestedLight|3.63
STATE|1|1|1|2|totalHarvestedHeavy|1.48
STATE|1|1|1|2|totalCropped|2.76
STATE|1|1|1|2|ownedBy|3
STATE|1|1|1|2|village|3
STATE|1|1|1|2|shared?|true
STATE|1|1|1|3|hasResource|false
STATE|1|1|1|3|degraded|true
STATE|1|1|1|3|pDegraded|7.99
STATE|1|1|1|3|totalHarvestedLight|6.27
STATE|1|1|1|3|totalHarvestedHeavy|7.21
STATE|1|1|1|3|totalCropped|3.09
STATE|1|1|1|3|ownedBy|2
STATE|1|1|1|3|village|0
STATE|1|1|1|3|shared?|false
STATE|1|1|1|4|hasResource|true
STATE|1|1|1|4|degraded|false
STATE|1|1|1|4|pDegraded|9.24
STATE|1|1|1|4|totalHarvestedLight|0.32
STATE|1|1|1|4|totalHarvestedHeavy|7.41
STATE|1|1|1|4|totalCropped|3.44
STATE|1|1|1|4|ownedBy|1
STATE|1|1|1|4|village|2
STATE|1|1|1|4|shared?|false
STATE|1|1|1|5|hasResource|true
STATE|1|1|1|5|degraded|false
STATE|1|1|1|5|pDegraded|6.38
STATE|1|1|1|5|totalHarvestedLight|8.02
STATE|1|1|1|5|totalHarvestedHeavy|3.34
STATE|1|1|1|5|totalCropped|2.07
STATE|1|1|1|5|ownedBy|3
STATE|1|1|1|5|village|3
STATE|1|1|1|5|shared?|false
STATE|1|1|1|6|hasResource|false
STATE|1|1|1|6|degraded|false
STATE|1|1|1|6|pDegraded|1.07
STATE|1|1|1|6|totalHarvestedLight|4.35
STATE|1|1|1|6|totalHarvestedHeavy|1.49
STATE|1|1|1|6|totalCropped|8.45
STATE|1|1|1|6|ownedBy|1
STATE|1|1|1|6|village|0
STATE|1|1|1|6|shared?|true
STATE|1|1|1|7|hasResource|false
STATE|1|1|1|7|degraded|false
STATE|1|1|1|7|pDegraded|9.76
STATE|1|1|1|7|totalHarvestedLight|4.54
STATE|1|1|1|7|totalHarvestedHeavy|4.88
STATE|1|1|1|7|totalCropped|7.3
STATE|1|1|1|7|ownedBy|2
STATE|1|1|1|7|village|1
STATE|1|1|1|7|shared?|true
STATE|1|1|2|0|hasResource|true
STATE|1|1|2|0|degraded|true
STATE|1|1|2|0|pDegraded|3.77
STATE|1|1|2|0|totalHarvestedLight|9.88
STATE|1|1|2|0|totalHarvestedHeavy|9.6
STATE|1|1|2|0|totalCropped|6.27
STATE|1|1|2|0|ownedBy|2
STATE|1|1|2|0|village|1
STATE|1|1|2|0|shared?|true
STATE|1|1|2|1|hasResource|true
STATE|1|1|2|1|degraded|false
STATE|1|1|2|1|pDegraded|5.48
STATE|1|1|2|1|totalHarvestedLight|5.03
STATE|1|1|2|1|totalHarvestedHeavy|0.63
STATE|1|1|2|1|totalCropped|7.95
STATE|1|1|2|1|ownedBy|1
STATE|1|1|2|1|village|3
STATE|1|1|2|1|shared?|false
STATE|1|1|2|2|hasResource|true
STATE|1|1|2|2|degraded|true
STATE|1|1|2|2|pDegraded|5.59
STATE|1|1|2|2|totalHarvestedLight|6.68
STATE|1|1|2|2|totalHarvestedHeavy|8.35
STATE|1|1|2|2|totalCropped|2.65
STATE|1|1|2|2|ownedBy|3
STATE|1|1|2|2|village|3
STATE|1|1|2|2|shared?|true
STATE|1|1|2|3|hasResource|false
STATE|1|1|2|3|degraded|false
STATE|1|1|2|3|pDegraded|5.81
STATE|1|1|2|3|totalHarvestedLight|0.12
STATE|1|1|2|3|totalHarvestedHeavy|5.47
STATE|1|1|2|3|totalCropped|2.51
STATE|1|1|2|3|ownedBy|3
STATE|1|1|2|3|village|1
STATE|1|1|2|3|shared?|true
STATE|1|1|2|4|hasResource|false
STATE|1|1|2|4|degraded|false
STATE|1|1|2|4|pDegraded|7.98
STATE|1|1|2|4|totalHarvestedLight|3.48
STATE|1|1|2|4|totalHarvestedHeavy|6.44
STATE|1|1|2|4|totalCropped|7.38
STATE|1|1|2|4|ownedBy|2
STATE|1|1|2|4|village|1
STATE|1|1|2|4|shared?|false
STATE|1|1|2|5|hasResource|true
STATE|1|1|2|5|degraded|false
STATE|1|1|2|5|pDegraded|4.5
STATE|1|1|2|5|totalHarvestedLight|3.64
STATE|1|1|2|5|totalHarvestedHeavy|3.34
STATE|1|1|2|5|totalCropped|1.42
STATE|1|1|2|5|ownedBy|0
STATE|1|1|2|5|village|0
STATE|1|1|2|5|shared?|false
STATE|1|1|2|6|hasResource|false
STATE|1|1|2|6|degraded|true
STATE|1|1|2|6|pDegraded|6.91
STATE|1|1|2|6|totalHarvestedLight|7.2
STATE|1|1|2|6|totalHarvestedHeavy|7.3
STATE|1|1|2|6|totalCropped|1.72
STATE|1|1|2|6|ownedBy|3
STATE|1|1|2|6|village|3
STATE|1|1|2|6|shared?|false
STATE|1|1|2|7|hasResource|true
STATE|1|1|2|7|degraded|false
STATE|1|1|2|7|pDegraded|7.75
STATE|1|1|2|7|totalHarvestedLight|6.37
STATE|1|1|2|7|totalHarvestedHeavy|7.2
STATE|1|1|2|7|totalCropped|0.28
STATE|1|1|2|7|ownedBy|0
STATE|1|1|2|7|village|3
STATE|1|1|2|7|shared?|true
STATE|1|1|3|0|hasResource|false
STATE|1|1|3|0|degraded|true
STATE|1|1|3|0|pDegraded|6.86
STATE|1|1|3|0|totalHarvestedLight|6.31
STATE|1|1|3|0|totalHarvestedHeavy|0.42
STATE|1|1|3|0|totalCropped|4.72
STATE|1|1|3|0|ownedBy|0
STATE|1|1|3|0|village|0
STATE|1|1|3|0|shared?|true
STATE|1|1|3|1|hasResource|true
STATE|1|1|3|1|degraded|true
STATE|1|1|3|1|pDegraded|1.82
STATE|1|1|3|1|totalHarvestedLight|1.93
STATE|1|1|3|1|totalHarvestedHeavy|0.36
STATE|1|1|3|1|totalCropped|4.65
STATE|1|1|3|1|ownedBy|2
STATE|1|1|3|1|village|3
STATE|1|1|3|1|shared?|false
STATE|1|1|3|2|hasResource|false
STATE|1|1|3|2|degraded|true
STATE|1|1|3|2|pDegraded|9.03
STATE|1|1|3|2|totalHarvestedLight|0.01
STATE|1|1|3|2|totalHarvestedHeavy|4.05
STATE|1|1|3|2|totalCropped|2.79
STATE|1|1|3|2|ownedBy|2
STATE|1|1|3|2|village|0
STATE|1|1|3|2|shared?|false
STATE|1|1|3|3|hasResource|false
STATE|1|1|3|3|degraded|false
STATE|1|1|3|3|pDegraded|5.5
STATE|1|1|3|3|totalHarvestedLight|3.01
STATE|1|1|3|3|totalHarvestedHeavy|2.95
STATE|1|1|3|3|totalCropped|5.13
STATE|1|1|3|3|ownedBy|3
STATE|1|1|3|3|village|1
STATE|1|1|3|3|shared?|false
STATE|1|1|3|4|hasResource|false
STATE|1|1|3|4|degraded|true
STATE|1|1|3|4|pDegraded|8.13
STATE|1|1|3|4|totalHarvestedLight|6.42
STATE|1|1|3|4|totalHarvestedHeavy|3.69
STATE|1|1|3|4|totalCropped|1.42
STATE|1|1|3|4|ownedBy|3
STATE|1|1|3|4|village|2
STATE|1|1|3|4|shared?|false
STATE|1|1|3|5|hasResource|false
STATE|1|1|3|5|degraded|false
STATE|1|1|3|5|pDegraded|6.09
STATE|1|1|3|5|totalHarvestedLight|3.51
STATE|1|1|3|5|totalHarvestedHeavy|8.93
STATE|1|1|3|5|totalCropped|0.01
STATE|1|1|3|5|ownedBy|0
STATE|1|1|3|5|village|1
STATE|1|1|3|5|shared?|false
STATE|1|1|3|6|hasResource|false
STATE|1|1|3|6|degraded|true
STATE|1|1|3|6|pDegraded|6.29
STATE|1|1|3|6|totalHarvestedLight|8.91
STATE|1|1|3|6|totalHarvestedHeavy|3.76
STATE|1|1|3|6|totalCropped|4.32
STATE|1|1|3|6|ownedBy|0
STATE|1|1|3|6|village|2
STATE|1|1|3|6|shared?|true
STATE|1|1|3|7|hasResource|false
STATE|1|1|3|7|degraded|true
STATE|1|1|3|7|pDegraded|9.61
STATE|1|1|3|7|totalHarvestedLight|9.14
STATE|1|1|3|7|totalHarvestedHeavy|5.96
STATE|1|1|3|7|totalCropped|2.6
STATE|1|1|3|7|ownedBy|1
STATE|1|1|3|7|village|2
STATE|1|1|3|7|shared?|true
STATE|1|1|4|0|hasResource|true
STATE|1|1|4|0|degraded|false
STATE|1|1|4|0|pDegraded|3.07
STATE|1|1|4|0|totalHarvestedLight|9.3
STATE|1|1|4|0|totalHarvestedHeavy|1.43
STATE|1|1|4|0|totalCropped|0.24
STATE|1|1|4|0|ownedBy|3
STATE|1|1|4|0|village|3
STATE|1|1|4|0|shared?|false
STATE|1|1|4|1|hasResource|true
STATE|1|1|4|1|degraded|true
STATE|1|1|4|1|pDegraded|1.36
STATE|1|1|4|1|totalHarvestedLight|3.92
STATE|1|1|4|1|totalHarvestedHeavy|4.8
STATE|1|1|4|1|totalCropped|5.6
STATE|1|1|4|1|ownedBy|0
STATE|1|1|4|1|village|2
STATE|1|1|4|1|shared?|false
STATE|1|1|4|2|hasResource|true
STATE|1|1|4|2|degraded|true
STATE|1|1|4|2|pDegraded|1.55
STATE|1|1|4|2|totalHarvestedLight|9.89
STATE|1|1|4|2|totalHarvestedHeavy|2.93
STATE|1|1|4|2|totalCropped|6.08
STATE|1|1|4|2|ownedBy|2
STATE|1|1|4|2|village|3
STATE|1|1|4|2|shared?|false
STATE|1|1|4|3|hasResource|false
STATE|1|1|4|3|degraded|false
STATE|1|1|4|3|pDegraded|1.18
STATE|1|1|4|3|totalHarvestedLight|7.6
STATE|1|1|4|3|totalHarvestedHeavy|3.01
STATE|1|1|4|3|totalCropped|5.33
STATE|1|1|4|3|ownedBy|1
STATE|1|1|4|3|village|3
STATE|1|1|4|3|shared?|true
STATE|1|1|4|4|hasResource|false
STATE|1|1|4|4|degraded|true
STATE|1|1|4|4|pDegraded|3.61
STATE|1|1|4|4|totalHarvestedLight|7.45
STATE|1|1|4|4|totalHarvestedHeavy|5.91
STATE|1|1|4|4|totalCropped|0.36
STATE|1|1|4|4|ownedBy|1
STATE|1|1|4|4|village|3
STATE|1|1|4|4|shared?|true
STATE|1|1|4|5|hasResource|false
STATE|1|1|4|5|degraded|false
STATE|1|1|4|5|pDegraded|5.46
STATE|1|1|4|5|totalHarvestedLight|0.15
STATE|1|1|4|5|totalHarvestedHeavy|7.78
STATE|1|1|4|5|totalCropped|4.28
STATE|1|1|4|5|ownedBy|3
STATE|1|1|4|5|village|3
STATE|1|1|4|5|shared?|false
STATE|1|1|4|6|hasResource|false
STATE|1|1|4|6|degraded|true
STATE|1|1|4|6|pDegraded|9.12
STATE|1|1|4|6|totalHarvestedLight|3.85
STATE|1|1|4|6|totalHarvestedHeavy|3.92
STATE|1|1|4|6|totalCropped|8.52
STATE|1|1|4|6|ownedBy|0
STATE|1|1|4|6|village|1
STATE|1|1|4|6|shared?|true
STATE|1|1|4|7|hasResource|false
STATE|1|1|4|7|degraded|true
STATE|1|1|4|7|pDegraded|0.03
STATE|1|1|4|7|totalHarvestedLight|7.79
STATE|1|1|4|7|totalHarvestedHeavy|5.82
STATE|1|1|4|7|totalCropped|6.48
STATE|1|1|4|7|ownedBy|2
STATE|1|1|4|7|village|1
STATE|1|1|4|7|shared?|true
STATE|1|1|5|0|hasResource|true
STATE|1|1|5|0|degraded|false
STATE|1|1|5|0|pDegraded|4.98
STATE|1|1|5|0|totalHarvestedLight|3.31
STATE|1|1|5|0|totalHarvestedHeavy|1.54
STATE|1|1|5|0|totalCropped|5.86
STATE|1|1|5|0|ownedBy|0
STATE|1|1|5|0|village|0
STATE|1|1|5|0|shared?|false
STATE|1|1|5|1|hasResource|true
STATE|1|1|5|1|degraded|true
STATE|1|1|5|1|pDegraded|0.63
STATE|1|1|5|1|totalHarvestedLight|9.42
STATE|1|1|5|1|totalHarvestedHeavy|3.33
STATE|1|1|5|1|totalCropped|4.29
STATE|1|1|5|1|ownedBy|0
STATE|1|1|5|1|village|2
STATE|1|1|5|1|shared?|false
STATE|1|1|5|2|hasResource|true
STATE|1|1|5|2|degraded|false
STATE|1|1|5|2|pDegraded|2.19
STATE|1|1|5|2|totalHarvestedLight|6.46
STATE|1|1|5|2|totalHarvestedHeavy|9.52
STATE|1|1|5|2|totalCropped|7.12
STATE|1|1|5|2|ownedBy|0
STATE|1|1|5|2|village|1
STATE|1|1|5|2|shared?|false
STATE|1|1|5|3|hasResource|true
STATE|1|1|5|3|degraded|true
STATE|1|1|5|3|pDegraded|1.85
STATE|1|1|5|3|totalHarvestedLight|8.02
STATE|1|1|5|3|totalHarvestedHeavy|0.67
STATE|1|1|5|3|totalCropped|2.13
STATE|1|1|5|3|ownedBy|3
STATE|1|1|5|3|village|0
STATE|1|1|5|3|shared?|false
STATE|1|1|5|4|hasResource|false
STATE|1|1|5|4|degraded|true
STATE|1|1|5|4|pDegraded|5.71
STATE|1|1|5|4|totalHarvestedLight|1.18
STATE|1|1|5|4|totalHarvestedHeavy|3.99
STATE|1|1|5|4|totalCropped|6.24
STATE|1|1|5|4|ownedBy|0
STATE|1|1|5|4|village|2
STATE|1|1|5|4|shared?|true
STATE|1|1|5|5|hasResource|false
STATE|1|1|5|5|degraded|true
STATE|1|1|5|5|pDegraded|3.53
STATE|1|1|5|5|totalHarvestedLight|6.56
STATE|1|1|5|5|totalHarvestedHeavy|9.15
STATE|1|1|5|5|totalCropped|1.38
STATE|1|1|5|5|ownedBy|1
STATE|1|1|5|5|village|0
STATE|1|1|5|5|shared?|false
STATE|1|1|5|6|hasResource|false
STATE|1|1|5|6|degraded|true
STATE|1|1|5|6|pDegraded|9.42
STATE|1|1|5|6|totalHarvestedLight|5.5
STATE|1|1|5|6|totalHarvestedHeavy|2.21
STATE|1|1|5|6|totalCropped|0.63
STATE|1|1|5|6|ownedBy|0
STATE|1|1|5|6|village|1
STATE|1|1|5|6|shared?|false
STATE|1|1|5|7|hasResource|true
STATE|1|1|5|7|degraded|false
STATE|1|1|5|7|pDegraded|8.08
STATE|1|1|5|7|totalHarvestedLight|8.64
STATE|1|1|5|7|totalHarvestedHeavy|4.53
STATE|1|1|5|7|totalCropped|3.89
STATE|1|1|5|7|ownedBy|0
STATE|1|1|5|7|village|3
STATE|1|1|5|7|shared?|true
STATE|1|1|6|0|hasResource|true
STATE|1|1|6|0|degraded|false
STATE|1|1|6|0|pDegraded|0.36
STATE|1|1|6|0|totalHarvestedLight|8.63
STATE|1|1|6|0|totalHarvestedHeavy|5.06
STATE|1|1|6|0|totalCropped|4.54
STATE|1|1|6|0|ownedBy|2
STATE|1|1|6|0|village|2
STATE|1|1|6|0|shared?|true
STATE|1|1|6|1|hasResource|true
STATE|1|1|6|1|degraded|false
STATE|1|1|6|1|pDegraded|0.29
STATE|1|1|6|1|totalHarvestedLight|7.25
STATE|1|1|6|1|totalHarvestedHeavy|0.54
STATE|1|1|6|1|totalCropped|1.51
STATE|1|1|6|1|ownedBy|2
STATE|1|1|6|1|village|3
STATE|1|1|6|1|shared?|false
STATE|1|1|6|2|hasResource|false
STATE|1|1|6|2|degraded|true
STATE|1|1|6|2|pDegraded|9.11
STATE|1|1|6|2|totalHarvestedLight|4.91
STATE|1|1|6|2|totalHarvestedHeavy|2.12
STATE|1|1|6|2|totalCropped|7.01
STATE|1|1|6|2|ownedBy|2
STATE|1|1|6|2|village|1
STATE|1|1|6|2|shared?|false
STATE|1|1|6|3|hasResource|true
STATE|1|1|6|3|degraded|false
STATE|1|1|6|3|pDegraded|7.05
STATE|1|1|6|3|totalHarvestedLight|7.96
STATE|1|1|6|3|totalHarvestedHeavy|3.78
STATE|1|1|6|3|totalCropped|7.23
STATE|1|1|6|3|ownedBy|1
STATE|1|1|6|3|village|3
STATE|1|1|6|3|shared?|true
STATE|1|1|6|4|hasResource|false
STATE|1|1|6|4|degraded|false
STATE|1|1|6|4|pDegraded|3.62
STATE|1|1|6|4|totalHarvestedLight|0.36
STATE|1|1|6|4|totalHarvestedHeavy|9.93
STATE|1|1|6|4|totalCropped|2.15
STATE|1|1|6|4|ownedBy|0
STATE|1|1|6|4|village|2
STATE|1|1|6|4|shared?|true
STATE|1|1|6|5|hasResource|true
STATE|1|1|6|5|degraded|true
STATE|1|1|6|5|pDegraded|1.96
STATE|1|1|6|5|totalHarvestedLight|4.9
STATE|1|1|6|5|totalHarvestedHeavy|9.37
STATE|1|1|6|5|totalCropped|6.61
STATE|1|1|6|5|ownedBy|1
STATE|1|1|6|5|village|0
STATE|1|1|6|5|shared?|true
STATE|1|1|6|6|hasResource|true
STATE|1|1|6|6|degraded|false
STATE|1|1|6|6|pDegraded|9.22
STATE|1|1|6|6|totalHarvestedLight|3.23
STATE|1|1|6|6|totalHarvestedHeavy|4.62
STATE|1|1|6|6|totalCropped|1.92
STATE|1|1|6|6|ownedBy|3
STATE|1|1|6|6|village|0
STATE|1|1|6|6|shared?|true
STATE|1|1|6|7|hasResource|false
STATE|1|1|6|7|degraded|false
STATE|1|1|6|7|pDegraded|4.7
STATE|1|1|6|7|totalHarvestedLight|5.52
STATE|1|1|6|7|totalHarvestedHeavy|1.1
STATE|1|1|6|7|totalCropped|8.18
STATE|1|1|6|7|ownedBy|1
STATE|1|1|6|7|village|3
STATE|1|1|6|7|shared?|true
STATE|1|1|7|0|hasResource|true
STATE|1|1|7|0|degraded|true
STATE|1|1|7|0|pDegraded|9.25
STATE|1|1|7|0|totalHarvestedLight|3.69
STATE|1|1|7|0|totalHarvestedHeavy|9.38
STATE|1|1|7|0|totalCropped|6.88
STATE|1|1|7|0|ownedBy|3
STATE|1|1|7|0|village|2
STATE|1|1|7|0|shared?|true
STATE|1|1|7|1|hasResource|false
STATE|1|1|7|1|degraded|true
STATE|1|1|7|1|pDegraded|6.69
STATE|1|1|7|1|totalHarvestedLight|2.91
STATE|1|1|7|1|totalHarvestedHeavy|6.74
STATE|1|1|7|1|totalCropped|7.29
STATE|1|1|7|1|ownedBy|0
STATE|1|1|7|1|village|0
STATE|1|1|7|1|shared?|true
STATE|1|1|7|2|hasResource|true
STATE|1|1|7|2|degraded|true
STATE|1|1|7|2|pDegraded|0.78
STATE|1|1|7|2|totalHarvestedLight|4.01
STATE|1|1|7|2|totalHarvestedHeavy|9.74
STATE|1|1|7|2|totalCropped|3.64
STATE|1|1|7|2|ownedBy|1
STATE|1|1|7|2|village|0
STATE|1|1|7|2|shared?|true
STATE|1|1|7|3|hasResource|true
STATE|1|1|7|3|degraded|false
STATE|1|1|7|3|pDegraded|7.18
STATE|1|1|7|3|totalHarvestedLight|1.63
STATE|1|1|7|3|totalHarvestedHeavy|2.41
STATE|1|1|7|3|totalCropped|6.72
STATE|1|1|7|3|ownedBy|0
STATE|1|1|7|3|village|3
STATE|1|1|7|3|shared?|false
STATE|1|1|7|4|hasResource|false
STATE|1|1|7|4|degraded|true
STATE|1|1|7|4|pDegraded|4.62
STATE|1|1|7|4|totalHarvestedLight|4.53
STATE|1|1|7|4|totalHarvestedHeavy|6.81
STATE|1|1|7|4|totalCropped|1.7
STATE|1|1|7|4|ownedBy|0
STATE|1|1|7|4|village|3
STATE|1|1|7|4|shared?|false
STATE|1|1|7|5|hasResource|false
STATE|1|1|7|5|degraded|false
STATE|1|1|7|5|pDegraded|9.4
STATE|1|1|7|5|totalHarvestedLight|7.17
STATE|1|1|7|5|totalHarvestedHeavy|2.37
STATE|1|1|7|5|totalCropped|8.03
STATE|1|1|7|5|ownedBy|0
STATE|1|1|7|5|village|2
STATE|1|1|7|5|shared?|true
STATE|1|1|7|6|hasResource|true
STATE|1|1|7|6|degraded|true
STATE|1|1|7|6|pDegraded|3.97
STATE|1|1|7|6|totalHarvestedLight|0.6
STATE|1|1|7|6|totalHarvestedHeavy|2.55
STATE|1|1|7|6|totalCropped|4.07
STATE|1|1|7|6|ownedBy|1
STATE|1|1|7|6|village|3
STATE|1|1|7|6|shared?|true
STATE|1|1|7|7|hasResource|true
STATE|1|1|7|7|degraded|false
STATE|1|1|7|7|pDegraded|1.79
STATE|1|1|7|7|totalHarvestedLight|5.09
STATE|1|1|7|7|totalHarvestedHeavy|4.02
STATE|1|1|7|7|totalCropped|5.31
STATE|1|1|7|7|ownedBy|0
STATE|1|1|7|7|village|1
STATE|1|1|7|7|shared?|false
CHOICE|1|1|1|2|1|2|12:00:20.000 PM 28-Sep-2026
CONFIRM|1|1|1|12:00:21.000 PM 28-Sep-2026
CHOICE|1|1|2|5|7|4|12:00:30.000 PM 28-Sep-2026
CHOICE|1|1|2|0|4|2|12:00:39.000 PM 28-Sep-2026
CONFIRM|1|1|2|12:00:41.000 PM 28-Sep-2026
CHOICE|1|1|3|4|7|-99|12:00:54.000 PM 28-Sep-2026
CONFIRM|1|1|3|12:00:59.000 PM 28-Sep-2026
CHOICE|1|1|4|5|2|1|12:01:07.000 PM 28-Sep-2026
CHOICE|1|1|4|5|2|-99|12:01:14.000 PM 28-Sep-2026
CONFIRM|1|1|4|12:01:24.000 PM 28-Sep-2026
CHOICE|1|1|5|3|4|-99|12:01:36.000 PM 28-Sep-2026
CHOICE|1|1|5|3|4|3|12:01:51.000 PM 28-Sep-2026
CHOICE|1|1|5|1|1|3|12:01:58.000 PM 28-Sep-2026
CONFIRM|1|1|5|12:02:11.000 PM 28-Sep-2026
CHOICE|1|1|6|0|4|2|12:02:21.000 PM 28-Sep-2026
CHOICE|1|1|6|0|4|1|12:02:33.000 PM 28-Sep-2026
CHOICE|1|1|6|0|4|1|12:02:46.000 PM 28-Sep-2026
CONFIRM|1|1|6|12:02:59.000 PM 28-Sep-2026
CHOICE|1|1|7|2|5|-99|12:03:02.000 PM 28-Sep-2026
CHOICE|1|1|7|2|5|3|12:03:07.000 PM 28-Sep-2026
CONFIRM|1|1|7|12:03:08.000 PM 28-Sep-2026
CHOICE|1|1|8|0|0|2|12:03:22.000 PM 28-Sep-2026
CONFIRM|1|1|8|12:03:28.000 PM 28-Sep-2026
CHOICE|1|1|9|4|0|4|12:03:31.000 PM 28-Sep-2026
CHOICE|1|1|9|5|5|-99|12:03:41.000 PM 28-Sep-2026
CONFIRM|1|1|9|12:03:51.000 PM 28-Sep-2026
CHOICE|1|1|10|1|4|2|12:04:02.000 PM 28-Sep-2026
CONFIRM|1|1|10|12:04:14.000 PM 28-Sep-2026
CHOICE|1|1|11|7|6|1|12:04:20.000 PM 28-Sep-2026
CONFIRM|1|1|11|12:04:26.000 PM 28-Sep-2026
CHOICE|1|1|12|3|7|2|12:04:34.000 PM 28-Sep-2026
CHOICE|1|1|12|3|7|2|12:04:43.000 PM 28-Sep-2026
CONFIRM|1|1|12|12:04:51.000 PM 28-Sep-2026
CHOICE|1|1|13|0|1|4|12:05:02.000 PM 28-Sep-2026
CHOICE|1|1|13|0|1|1|12:05:17.000 PM 28-Sep-2026
CONFIRM|1|1|13|12:05:27.000 PM 28-Sep-2026
CHOICE|1|1|14|7|5|2|12:05:31.000 PM 28-Sep-2026
CONFIRM|1|1|14|12:05:36.000 PM 28-Sep-2026
CHOICE|1|1|15|4|5|2|12:05:42.000 PM 28-Sep-2026
CONFIRM|1|1|15|12:05:48.000 PM 28-Sep-2026
CHOICE|1|1|16|0|7|2|12:05:51.000 PM 28-Sep-2026
CONFIRM|1|1|16|12:06:05.000 PM 28-Sep-2026
CHOICE|1|1|17|7|6|-99|12:06:08.000 PM 28-Sep-2026
CONFIRM|1|1|17|12:06:15.000 PM 28-Sep-2026
CHOICE|1|1|18|4|3|3|12:06:23.000 PM 28-Sep-2026
CONFIRM|1|1|18|12:06:34.000 PM 28-Sep-2026
CHOICE|1|1|19|1|3|1|12:06:36.000 PM 28-Sep-2026
CHOICE|1|1|19|2|6|-99|12:06:47.000 PM 28-Sep-2026
CONFIRM|1|1|19|12:06:48.000 PM 28-Sep-2026
CHOICE|1|1|20|4|6|4|12:06:56.000 PM 28-Sep-2026
CHOICE|1|1|20|0|2|3|12:07:06.000 PM 28-Sep-2026
CHOICE|1|1|20|0|2|2|12:07:11.000 PM 28-Sep-2026
CONFIRM|1|1|20|12:07:16.000 PM 28-Sep-2026
SCORE|1|1|1|2|3|2
SCORE|1|1|2|11|50|18
SCORE|1|1|3|13|32|0
SCORE|1|1|4|8|53|7
SCORE|1|1|5|2|4|2
SCORE|1|1|6|9|31|19
SCORE|1|1|7|19|54|6
SCORE|1|1|8|15|48|2
SCORE|1|1|9|3|18|10
SCORE|1|1|10|17|44|12
SCORE|1|1|11|0|42|12
SCORE|1|1|12|12|23|20
SCORE|1|1|13|16|29|19
SCORE|1|1|14|10|34|10
SCORE|1|1|15|3|47|17
SCORE|1|1|16|11|26|3
SCORE|1|1|17|6|24|9
SCORE|1|1|18|8|47|2
SCORE|1|1|19|5|9|20
SCORE|1|1|20|13|62|5
PHASE|phase-2-1|12:07:20.000 PM 28-Sep-2026
STATE|2|1|0|0|hasResource|false
STATE|2|1|0|0|degraded|false
STATE|2|1|0|0|pDegraded|6.26
STATE|2|1|0|0|totalHarvestedLight|6.4
STATE|2|1|0|0|totalHarvestedHeavy|5.46
STATE|2|1|0|0|totalCropped|4.07
STATE|2|1|0|0|ownedBy|0
STATE|2|1|0|0|village|2
STATE|2|1|0|0|shared?|true
STATE|2|1|0|1|hasResource|false
STATE|2|1|0|1|degraded|true
STATE|2|1|0|1|pDegraded|4.18
STATE|2|1|0|1|totalHarvestedLight|0.84
STATE|2|1|0|1|totalHarvestedHeavy|8.89
STATE|2|1|0|1|totalCropped|3.31
STATE|2|1|0|1|ownedBy|2
STATE|2|1|0|1|village|0
STATE|2|1|0|1|shared?|true
STATE|2|1|0|2|hasResource|true
STATE|2|1|0|2|degraded|false
STATE|2|1|0|2|pDegraded|5.63
STATE|2|1|0|2|totalHarvestedLight|4.34
STATE|2|1|0|2|totalHarvestedHeavy|3.26
STATE|2|1|0|2|totalCropped|1.02
STATE|2|1|0|2|ownedBy|3
STATE|2|1|0|2|village|1
STATE|2|1|0|2|shared?|false
STATE|2|1|0|3|hasResource|true
STATE|2|1|0|3|degraded|true
STATE|2|1|0|3|pDegraded|8.35
STATE|2|1|0|3|totalHarvestedLight|9.57
STATE|2|1|0|3|totalHarvestedHeavy|3.18
STATE|2|1|0|3|totalCropped|8.5
STATE|2|1|0|3|ownedBy|3
STATE|2|1|0|3|village|2
STATE|2|1|0|3|shared?|false
STATE|2|1|0|4|hasResource|true
STATE|2|1|0|4|degraded|false
STATE|2|1|0|4|pDegraded|8.41
STATE|2|1|0|4|totalHarvestedLight|4.77
STATE|2|1|0|4|totalHarvestedHeavy|1.01
STATE|2|1|0|4|totalCropped|1.94
STATE|2|1|0|4|ownedBy|0
STATE|2|1|0|4|village|0
STATE|2|1|0|4|shared?|true
STATE|2|1|0|5|hasResource|true
STATE|2|1|0|5|degraded|false
STATE|2|1|0|5|pDegraded|1.05
STATE|2|1|0|5|totalHarvestedLight|7.58
STATE|2|1|0|5|totalHarvestedHeavy|7.36
STATE|2|1|0|5|totalCropped|8.16
STATE|2|1|0|5|ownedBy|0
STATE|2|1|0|5|village|3
STATE|2|1|0|5|shared?|false
STATE|2|1|0|6|hasResource|false
STATE|2|1|0|6|degraded|false
STATE|2|1|0|6|pDegraded|8.69
STATE|2|1|0|6|totalHarvestedLight|8.7
STATE|2|1|0|6|totalHarvestedHeavy|3.65
STATE|2|1|0|6|totalCropped|8.14
STATE|2|1|0|6|ownedBy|0
STATE|2|1|0|6|village|0
STATE|2|1|0|6|shared?|true
STATE|2|1|0|7|hasResource|true
STATE|2|1|0|7|degraded|false
STATE|2|1|0|7|pDegraded|9.88
STATE|2|1|0|7|totalHarvestedLight|7.65
STATE|2|1|0|7|totalHarvestedHeavy|2.46
STATE|2|1|0|7|totalCropped|9.41
STATE|2|1|0|7|ownedBy|2
STATE|2|1|0|7|village|2
STATE|2|1|0|7|shared?|true
STATE|2|1|1|0|hasResource|false
STATE|2|1|1|0|degraded|false
STATE|2|1|1|0|pDegraded|1.33
STATE|2|1|1|0|totalHarvestedLight|0.03
STATE|2|1|1|0|totalHarvestedHeavy|3.81
STATE|2|1|1|0|totalCropped|3.43
STATE|2|1|1|0|ownedBy|3
STATE|2|1|1|0|village|0
STATE|2|1|1|0|shared?|true
STATE|2|1|1|1|hasResource|false
STATE|2|1|1|1|degraded|false
STATE|2|1|1|1|pDegraded|0.16
STATE|2|1|1|1|totalHarvestedLight|8.1
STATE|2|1|1|1|totalHarvestedHeavy|9.99
STATE|2|1|1|1|totalCropped|7.51
STATE|2|1|1|1|ownedBy|0
STATE|2|1|1|1|village|1
STATE|2|1|1|1|shared?|true
STATE|2|1|1|2|hasResource|true
STATE|2|1|1|2|degraded|true
STATE|2|1|1|2|pDegraded|6.97
STATE|2|1|1|2|totalHarvestedLight|7.89
STATE|2|1|1|2|totalHarvestedHeavy|5.76
STATE|2|1|1|2|totalCropped|2.96
STATE|2|1|1|2|ownedBy|1
STATE|2|1|1|2|village|0
STATE|2|1|1|2|shared?|false
STATE|2|1|1|3|hasResource|true
STATE|2|1|1|3|degraded|true
STATE|2|1|1|3|pDegraded|2.38
STATE|2|1|1|3|totalHarvestedLight|6.66
STATE|2|1|1|3|totalHarvestedHeavy|0.73
STATE|2|1|1|3|totalCropped|2.71
STATE|2|1|1|3|ownedBy|0
STATE|2|1|1|3|village|3
STATE|2|1|1|3|shared?|true
STATE|2|1|1|4|hasResource|false
STATE|2|1|1|4|degraded|false
STATE|2|1|1|4|pDegraded|3.86
STATE|2|1|1|4|totalHarvestedLight|9.34
STATE|2|1|1|4|totalHarvestedHeavy|0.92
STATE|2|1|1|4|totalCropped|3.56
STATE|2|1|1|4|ownedBy|0
STATE|2|1|1|4|village|0
STATE|2|1|1|4|shared?|false
STATE|2|1|1|5|hasResource|true
STATE|2|1|1|5|degraded|false
STATE|2|1|1|5|pDegraded|0.21
STATE|2|1|1|5|totalHarvestedLight|5.62
STATE|2|1|1|5|totalHarvestedHeavy|9.57
STATE|2|1|1|5|totalCropped|8.68
STATE|2|1|1|5|ownedBy|0
STATE|2|1|1|5|village|0
STATE|2|1|1|5|shared?|false
STATE|2|1|1|6|hasResource|true
STATE|2|1|1|6|degraded|false
STATE|2|1|1|6|pDegraded|0.12
STATE|2|1|1|6|totalHarvestedLight|5.19
STATE|2|1|1|6|totalHarvestedHeavy|9.56
STATE|2|1|1|6|totalCropped|5.98
STATE|2|1|1|6|ownedBy|3
STATE|2|1|1|6|village|2
STATE|2|1|1|6|shared?|false
STATE|2|1|1|7|hasResource|true
STATE|2|1|1|7|degraded|true
STATE|2|1|1|7|pDegraded|7.78
STATE|2|1|1|7|totalHarvestedLight|4.35
STATE|2|1|1|7|totalHarvestedHeavy|5.94
STATE|2|1|1|7|totalCropped|9.02
STATE|2|1|1|7|ownedBy|3
STATE|2|1|1|7|village|3
STATE|2|1|1|7|shared?|false
STATE|2|1|2|0|hasResource|true
STATE|2|1|2|0|degraded|true
STATE|2|1|2|0|pDegraded|7.7
STATE|2|1|2|0|totalHarvestedLight|4.13
STATE|2|1|2|0|totalHarvestedHeavy|8.74
STATE|2|1|2|0|totalCropped|8.26
STATE|2|1|2|0|ownedBy|2
STATE|2|1|2|0|village|0
STATE|2|1|2|0|shared?|false
STATE|2|1|2|1|hasResource|false
STATE|2|1|2|1|degraded|false
STATE|2|1|2|1|pDegraded|1.48
STATE|2|1|2|1|totalHarvestedLight|7.81
STATE|2|1|2|1|totalHarvestedHeavy|4.22
STATE|2|1|2|1|totalCropped|9.72
STATE|2|1|2|1|ownedBy|1
STATE|2|1|2|1|village|0
STATE|2|1|2|1|shared?|true
STATE|2|1|2|2|hasResource|true
STATE|2|1|2|2|degraded|true
STATE|2|1|2|2|pDegraded|3.63
STATE|2|1|2|2|totalHarvestedLight|0.02
STATE|2|1|2|2|totalHarvestedHeavy|6.33
STATE|2|1|2|2|totalCropped|7.69
STATE|2|1|2|2|ownedBy|2
STATE|2|1|2|2|village|0
STATE|2|1|2|2|shared?|true
STATE|2|1|2|3|hasResource|true
STATE|2|1|2|3|degraded|false
STATE|2|1|2|3|pDegraded|8.85
STATE|2|1|2|3|totalHarvestedLight|1.97
STATE|2|1|2|3|totalHarvestedHeavy|0.18
STATE|2|1|2|3|totalCropped|8.28
STATE|2|1|2|3|ownedBy|1
STATE|2|1|2|3|village|3
STATE|2|1|2|3|shared?|true
STATE|2|1|2|4|hasResource|true
STATE|2|1|2|4|degraded|true
STATE|2|1|2|4|pDegraded|3.65
STATE|2|1|2|4|totalHarvestedLight|6.19
STATE|2|1|2|4|totalHarvestedHeavy|0.14
STATE|2|1|2|4|totalCropped|8.12
STATE|2|1|2|4|ownedBy|0
STATE|2|1|2|4|village|1
STATE|2|1|2|4|shared?|true
STATE|2|1|2|5|hasResource|false
STATE|2|1|2|5|degraded|true
STATE|2|1|2|5|pDegraded|2.15
STATE|2|1|2|5|totalHarvestedLight|2.94
STATE|2|1|2|5|totalHarvestedHeavy|8.96
STATE|2|1|2|5|totalCropped|8.92
STATE|2|1|2|5|ownedBy|3
STATE|2|1|2|5|village|0
STATE|2|1|2|5|shared?|true
STATE|2|1|2|6|hasResource|true
STATE|2|1|2|6|degraded|true
STATE|2|1|2|6|pDegraded|3.04
STATE|2|1|2|6|totalHarvestedLight|9.06
STATE|2|1|2|6|totalHarvestedHeavy|5.48
STATE|2|1|2|6|totalCropped|4.43
STATE|2|1|2|6|ownedBy|0
STATE|2|1|2|6|village|3
STATE|2|1|2|6|shared?|true
STATE|2|1|2|7|hasResource|true
STATE|2|1|2|7|degraded|true
STATE|2|1|2|7|pDegraded|3.85
STATE|2|1|2|7|totalHarvestedLight|2.38
STATE|2|1|2|7|totalHarvestedHeavy|6.65
STATE|2|1|2|7|totalCropped|0.56
STATE|2|1|2|7|ownedBy|0
STATE|2|1|2|7|village|0
STATE|2|1|2|7|shared?|true
STATE|2|1|3|0|hasResource|false
STATE|2|1|3|0|degraded|false
STATE|2|1|3|0|pDegraded|7.93
STATE|2|1|3|0|totalHarvestedLight|0.56
STATE|2|1|3|0|totalHarvestedHeavy|5.01
STATE|2|1|3|0|totalCropped|0.38
STATE|2|1|3|0|ownedBy|2
STATE|2|1|3|0|village|1
STATE|2|1|3|0|shared?|false
STATE|2|1|3|1|hasResource|false
STATE|2|1|3|1|degraded|true
STATE|2|1|3|1|pDegraded|1.03
STATE|2|1|3|1|totalHarvestedLight|1.23
STATE|2|1|3|1|totalHarvestedHeavy|9.06
STATE|2|1|3|1|totalCropped|5.69
STATE|2|1|3|1|ownedBy|1
STATE|2|1|3|1|village|3
STATE|2|1|3|1|shared?|false
STATE|2|1|3|2|hasResource|false
STATE|2|1|3|2|degraded|true
STATE|2|1|3|2|pDegraded|3.78
STATE|2|1|3|2|totalHarvestedLight|8.47
STATE|2|1|3|2|totalHarvestedHeavy|5.91
STATE|2|1|3|2|totalCropped|6.82
STATE|2|1|3|2|ownedBy|3
STATE|2|1|3|2|village|2
STATE|2|1|3|2|shared?|true
STATE|2|1|3|3|hasResource|true
STATE|2|1|3|3|degraded|false
STATE|2|1|3|3|pDegraded|0.98
STATE|2|1|3|3|totalHarvestedLight|5.13
STATE|2|1|3|3|totalHarvestedHeavy|8.17
STATE|2|1|3|3|totalCropped|3.73
STATE|2|1|3|3|ownedBy|2
STATE|2|1|3|3|village|0
STATE|2|1|3|3|shared?|true
STATE|2|1|3|4|hasResource|true
STATE|2|1|3|4|degraded|true
STATE|2|1|3|4|pDegraded|5.65
STATE|2|1|3|4|totalHarvestedLight|5.67
STATE|2|1|3|4|totalHarvestedHeavy|0.42
STATE|2|1|3|4|totalCropped|7.42
STATE|2|1|3|4|ownedBy|0
STATE|2|1|3|4|village|1
STATE|2|1|3|4|shared?|false
STATE|2|1|3|5|hasResource|true
STATE|2|1|3|5|degraded|true
STATE|2|1|3|5|pDegraded|8.15
STATE|2|1|3|5|totalHarvestedLight|4.84
STATE|2|1|3|5|totalHarvestedHeavy|1.44
STATE|2|1|3|5|totalCropped|1.24
STATE|2|1|3|5|ownedBy|1
STATE|2|1|3|5|village|0
STATE|2|1|3|5|shared?|false
STATE|2|1|3|6|hasResource|true
STATE|2|1|3|6|degraded|false
STATE|2|1|3|6|pDegraded|2.46
STATE|2|1|3|6|totalHarvestedLight|2.63
STATE|2|1|3|6|totalHarvestedHeavy|8.77
STATE|2|1|3|6|totalCropped|4.39
STATE|2|1|3|6|ownedBy|0
STATE|2|1|3|6|village|3
STATE|2|1|3|6|shared?|true
STATE|2|1|3|7|hasResource|true
STATE|2|1|3|7|degraded|false
STATE|2|1|3|7|pDegraded|5.61
STATE|2|1|3|7|totalHarvestedLight|0.1
STATE|2|1|3|7|totalHarvestedHeavy|0.43
STATE|2|1|3|7|totalCropped|8.24
STATE|2|1|3|7|ownedBy|2
STATE|2|1|3|7|village|3
STATE|2|1|3|7|shared?|false
STATE|2|1|4|0|hasResource|true
STATE|2|1|4|0|degraded|false
STATE|2|1|4|0|pDegraded|1.17
STATE|2|1|4|0|totalHarvestedLight|7.21
STATE|2|1|4|0|totalHarvestedHeavy|6.11
STATE|2|1|4|0|totalCropped|6.12
STATE|2|1|4|0|ownedBy|0
STATE|2|1|4|0|village|3
STATE|2|1|4|0|shared?|false
STATE|2|1|4|1|hasResource|true
STATE|2|1|4|1|degraded|true
STATE|2|1|4|1|pDegraded|6.84
STATE|2|1|4|1|totalHarvestedLight|0.93
STATE|2|1|4|1|totalHarvestedHeavy|0.67
STATE|2|1|4|1|totalCropped|4.6
STATE|2|1|4|1|ownedBy|3
STATE|2|1|4|1|village|3
STATE|2|1|4|1|shared?|false
STATE|2|1|4|2|hasResource|false
STATE|2|1|4|2|degraded|true
STATE|2|1|4|2|pDegraded|6.43
STATE|2|1|4|2|totalHarvestedLight|8.44
STATE|2|1|4|2|totalHarvestedHeavy|1.21
STATE|2|1|4|2|totalCropped|7.54
STATE|2|1|4|2|ownedBy|1
STATE|2|1|4|2|village|2
STATE|2|1|4|2|shared?|true
STATE|2|1|4|3|hasResource|true
STATE|2|1|4|3|degraded|false
STATE|2|1|4|3|pDegraded|5.16
STATE|2|1|4|3|totalHarvestedLight|9.02
STATE|2|1|4|3|totalHarvestedHeavy|4.66
STATE|2|1|4|3|totalCropped|1.55
STATE|2|1|4|3|ownedBy|0
STATE|2|1|4|3|village|1
STATE|2|1|4|3|shared?|true
STATE|2|1|4|4|hasResource|false
STATE|2|1|4|4|degraded|true
STATE|2|1|4|4|pDegraded|1.5
STATE|2|1|4|4|totalHarvestedLight|9.94
STATE|2|1|4|4|totalHarvestedHeavy|6.4
STATE|2|1|4|4|totalCropped|4.38
STATE|2|1|4|4|ownedBy|3
STATE|2|1|4|4|village|3
STATE|2|1|4|4|shared?|true
STATE|2|1|4|5|hasResource|true
STATE|2|1|4|5|degraded|false
STATE|2|1|4|5|pDegraded|1.7
STATE|2|1|4|5|totalHarvestedLight|5.02
STATE|2|1|4|5|totalHarvestedHeavy|9.35
STATE|2|1|4|5|totalCropped|3.44
STATE|2|1|4|5|ownedBy|0
STATE|2|1|4|5|village|0
STATE|2|1|4|5|shared?|true
STATE|2|1|4|6|hasResource|false
STATE|2|1|4|6|degraded|false
STATE|2|1|4|6|pDegraded|9.51
STATE|2|1|4|6|totalHarvestedLight|2.17
STATE|2|1|4|6|totalHarvestedHeavy|2.4
STATE|2|1|4|6|totalCropped|1.68
STATE|2|1|4|6|ownedBy|3
STATE|2|1|4|6|village|1
STATE|2|1|4|6|shared?|false
STATE|2|1|4|7|hasResource|true
STATE|2|1|4|7|degraded|true
STATE|2|1|4|7|pDegraded|2.59
STATE|2|1|4|7|totalHarvestedLight|3.58
STATE|2|1|4|7|totalHarvestedHeavy|8.9
STATE|2|1|4|7|totalCropped|2.65
STATE|2|1|4|7|ownedBy|3
STATE|2|1|4|7|village|3
STATE|2|1|4|7|shared?|false
STATE|2|1|5|0|hasResource|false
STATE|2|1|5|0|degraded|true
STATE|2|1|5|0|pDegraded|7.7
STATE|2|1|5|0|totalHarvestedLight|3.36
STATE|2|1|5|0|totalHarvestedHeavy|1.03
STATE|2|1|5|0|totalCropped|6.32
STATE|2|1|5|0|ownedBy|3
STATE|2|1|5|0|village|0
STATE|2|1|5|0|shared?|true
STATE|2|1|5|1|hasResource|false
STATE|2|1|5|1|degraded|true
STATE|2|1|5|1|pDegraded|6.36
STATE|2|1|5|1|totalHarvestedLight|7.24
STATE|2|1|5|1|totalHarvestedHeavy|2.61
STATE|2|1|5|1|totalCropped|4.08
STATE|2|1|5|1|ownedBy|1
STATE|2|1|5|1|village|0
STATE|2|1|5|1|shared?|true
STATE|2|1|5|2|hasResource|true
STATE|2|1|5|2|degraded|true
STATE|2|1|5|2|pDegraded|9.99
STATE|2|1|5|2|totalHarvestedLight|4.09
STATE|2|1|5|2|totalHarvestedHeavy|0.66
STATE|2|1|5|2|totalCropped|0.69
STATE|2|1|5|2|ownedBy|0
STATE|2|1|5|2|village|0
STATE|2|1|5|2|shared?|false
STATE|2|1|5|3|hasResource|false
STATE|2|1|5|3|degraded|false
STATE|2|1|5|3|pDegraded|1.04
STATE|2|1|5|3|totalHarvestedLight|4.16
STATE|2|1|5|3|totalHarvestedHeavy|2.26
STATE|2|1|5|3|totalCropped|0.27
STATE|2|1|5|3|ownedBy|3
STATE|2|1|5|3|village|3
STATE|2|1|5|3|shared?|true
STATE|2|1|5|4|hasResource|true
STATE|2|1|5|4|degraded|false
STATE|2|1|5|4|pDegraded|9.33
STATE|2|1|5|4|totalHarvestedLight|9.46
STATE|2|1|5|4|totalHarvestedHeavy|4.66
STATE|2|1|5|4|totalCropped|1.03
STATE|2|1|5|4|ownedBy|0
STATE|2|1|5|4|village|0
STATE|2|1|5|4|shared?|false
STATE|2|1|5|5|hasResource|true
STATE|2|1|5|5|degraded|false
STATE|2|1|5|5|pDegraded|6.64
STATE|2|1|5|5|totalHarvestedLight|3.81
STATE|2|1|5|5|totalHarvestedHeavy|1.15
STATE|2|1|5|5|totalCropped|3.06
STATE|2|1|5|5|ownedBy|2
STATE|2|1|5|5|village|2
STATE|2|1|5|5|shared?|true
STATE|2|1|5|6|hasResource|false
STATE|2|1|5|6|degraded|false
STATE|2|1|5|6|pDegraded|1.34
STATE|2|1|5|6|totalHarvestedLight|6.56
STATE|2|1|5|6|totalHarvestedHeavy|1.81
STATE|2|1|5|6|totalCropped|1.92
STATE|2|1|5|6|ownedBy|3
STATE|2|1|5|6|village|3
STATE|2|1|5|6|shared?|true
STATE|2|1|5|7|hasResource|true
STATE|2|1|5|7|degraded|false
STATE|2|1|5|7|pDegraded|6.41
STATE|2|1|5|7|totalHarvestedLight|3.06
STATE|2|1|5|7|totalHarvestedHeavy|5.53
STATE|2|1|5|7|totalCropped|7.98
STATE|2|1|5|7|ownedBy|3
STATE|2|1|5|7|village|3
STATE|2|1|5|7|shared?|true
STATE|2|1|6|0|hasResource|true
STATE|2|1|6|0|degraded|false
STATE|2|1|6|0|pDegraded|4.57
STATE|2|1|6|0|totalHarvestedLight|4.04
STATE|2|1|6|0|totalHarvestedHeavy|7.1
STATE|2|1|6|0|totalCropped|0.98
STATE|2|1|6|0|ownedBy|3
STATE|2|1|6|0|village|0
STATE|2|1|6|0|shared?|true
STATE|2|1|6|1|hasResource|false
STATE|2|1|6|1|degraded|false
STATE|2|1|6|1|pDegraded|4.45
STATE|2|1|6|1|totalHarvestedLight|2.34
STATE|2|1|6|1|totalHarvestedHeavy|2.5
STATE|2|1|6|1|totalCropped|6.43
STATE|2|1|6|1|ownedBy|3
STATE|2|1|6|1|village|2
STATE|2|1|6|1|shared?|true
STATE|2|1|6|2|hasResource|true
STATE|2|1|6|2|degraded|false
STATE|2|1|6|2|pDegraded|8.02
STATE|2|1|6|2|totalHarvestedLight|4.82
STATE|2|1|6|2|totalHarvestedHeavy|2.98
STATE|2|1|6|2|totalCropped|8.85
STATE|2|1|6|2|ownedBy|3
STATE|2|1|6|2|village|1
STATE|2|1|6|2|shared?|false
STATE|2|1|6|3|hasResource|false
STATE|2|1|6|3|degraded|false
STATE|2|1|6|3|pDegraded|2.07
STATE|2|1|6|3|totalHarvestedLight|0.24
STATE|2|1|6|3|totalHarvestedHeavy|5.78
STATE|2|1|6|3|totalCropped|4.81
STATE|2|1|6|3|ownedBy|2
STATE|2|1|6|3|village|3
STATE|2|1|6|3|shared?|false
STATE|2|1|6|4|hasResource|true
STATE|2|1|6|4|degraded|true
STATE|2|1|6|4|pDegraded|8.77
STATE|2|1|6|4|totalHarvestedLight|1.33
STATE|2|1|6|4|totalHarvestedHeavy|4.2
STATE|2|1|6|4|totalCropped|4.15
STATE|2|1|6|4|ownedBy|0
STATE|2|1|6|4|village|1
STATE|2|1|6|4|shared?|false
STATE|2|1|6|5|hasResource|false
STATE|2|1|6|5|degraded|false
STATE|2|1|6|5|pDegraded|0.01
STATE|2|1|6|5|totalHarvestedLight|9.44
STATE|2|1|6|5|totalHarvestedHeavy|3.12
STATE|2|1|6|5|totalCropped|8.53
STATE|2|1|6|5|ownedBy|3
STATE|2|1|6|5|village|1
STATE|2|1|6|5|shared?|true
STATE|2|1|6|6|hasResource|false
STATE|2|1|6|6|degraded|false
STATE|2|1|6|6|pDegraded|3.4
STATE|2|1|6|6|totalHarvestedLight|7.32
STATE|2|1|6|6|totalHarvestedHeavy|5.05
STATE|2|1|6|6|totalCropped|7.12
STATE|2|1|6|6|ownedBy|3
STATE|2|1|6|6|village|0
STATE|2|1|6|6|shared?|true
STATE|2|1|6|7|hasResource|true
STATE|2|1|6|7|degraded|true
STATE|2|1|6|7|pDegraded|7.91
STATE|2|1|6|7|totalHarvestedLight|7.72
STATE|2|1|6|7|totalHarvestedHeavy|8.37
STATE|2|1|6|7|totalCropped|0.43
STATE|2|1|6|7|ownedBy|3
STATE|2|1|6|7|village|0
STATE|2|1|6|7|shared?|true
STATE|2|1|7|0|hasResource|true
STATE|2|1|7|0|degraded|true
STATE|2|1|7|0|pDegraded|9.74
STATE|2|1|7|0|totalHarvestedLight|8.53
STATE|2|1|7|0|totalHarvestedHeavy|2.38
STATE|2|1|7|0|totalCropped|8.29
STATE|2|1|7|0|ownedBy|3
STATE|2|1|7|0|village|0
STATE|2|1|7|0|shared?|true
STATE|2|1|7|1|hasResource|false
STATE|2|1|7|1|degraded|true
STATE|2|1|7|1|pDegraded|2.74
STATE|2|1|7|1|totalHarvestedLight|0.1
STATE|2|1|7|1|totalHarvestedHeavy|6.57
STATE|2|1|7|1|totalCropped|5.81
STATE|2|1|7|1|ownedBy|3
STATE|2|1|7|1|village|3
STATE|2|1|7|1|shared?|true
STATE|2|1|7|2|hasResource|false
STATE|2|1|7|2|degraded|true
STATE|2|1|7|2|pDegraded|0.94
STATE|2|1|7|2|totalHarvestedLight|5.58
STATE|2|1|7|2|totalHarvestedHeavy|5.51
STATE|2|1|7|2|totalCropped|8.05
STATE|2|1|7|2|ownedBy|3
STATE|2|1|7|2|village|3
STATE|2|1|7|2|shared?|true
STATE|2|1|7|3|hasResource|true
STATE|2|1|7|3|degraded|false
STATE|2|1|7|3|pDegraded|1.47
STATE|2|1|7|3|totalHarvestedLight|0.57
STATE|2|1|7|3|totalHarvestedHeavy|0.14
STATE|2|1|7|3|totalCropped|7.66
STATE|2|1|7|3|ownedBy|0
STATE|2|1|7|3|village|0
STATE|2|1|7|3|shared?|true
STATE|2|1|7|4|hasResource|true
STATE|2|1|7|4|degraded|false
STATE|2|1|7|4|pDegraded|4.77
STATE|2|1|7|4|totalHarvestedLight|5.22
STATE|2|1|7|4|totalHarvestedHeavy|0.25
STATE|2|1|7|4|totalCropped|7.95
STATE|2|1|7|4|ownedBy|3
STATE|2|1|7|4|village|3
STATE|2|1|7|4|shared?|true
STATE|2|1|7|5|hasResource|false
STATE|2|1|7|5|degraded|false
STATE|2|1|7|5|pDegraded|9.08
STATE|2|1|7|5|totalHarvestedLight|8.52
STATE|2|1|7|5|totalHarvestedHeavy|2.04
STATE|2|1|7|5|totalCropped|6.51
STATE|2|1|7|5|ownedBy|2
STATE|2|1|7|5|village|3
STATE|2|1|7|5|shared?|true
STATE|2|1|7|6|hasResource|true
STATE|2|1|7|6|degraded|true
STATE|2|1|7|6|pDegraded|1.0
STATE|2|1|7|6|totalHarvestedLight|3.69
STATE|2|1|7|6|totalHarvestedHeavy|0.89
STATE|2|1|7|6|totalCropped|2.2
STATE|2|1|7|6|ownedBy|0
STATE|2|1|7|6|village|0
STATE|2|1|7|6|shared?|true
STATE|2|1|7|7|hasResource|true
STATE|2|1|7|7|degraded|false
STATE|2|1|7|7|pDegraded|3.89
STATE|2|1|7|7|totalHarvestedLight|1.66
STATE|2|1|7|7|totalHarvestedHeavy|9.53
STATE|2|1|7|7|totalCropped|8.94
STATE|2|1|7|7|ownedBy|3
STATE|2|1|7|7|village|0
STATE|2|1|7|7|shared?|true
CHOICE|2|1|1|7|2|1|12:07:25.000 PM 28-Sep-2026
CHOICE|2|1|1|3|4|2|12:07:40.000 PM 28-Sep-2026
CONFIRM|2|1|1|12:07:47.000 PM 28-Sep-2026
CHOICE|2|1|2|7|3|3|12:07:59.000 PM 28-Sep-2026
CHOICE|2|1|2|0|3|2|12:08:05.000 PM 28-Sep-2026
CONFIRM|2|1|2|12:08:16.000 PM 28-Sep-2026
CHOICE|2|1|3|6|5|3|12:08:19.000 PM 28-Sep-2026
CONFIRM|2|1|3|12:08:20.000 PM 28-Sep-2026
CHOICE|2|1|4|2|6|1|12:08:32.000 PM 28-Sep-2026
CHOICE|2|1|4|5|1|3|12:08:33.000 PM 28-Sep-2026
CHOICE|2|1|4|5|7|4|12:08:48.000 PM 28-Sep-2026
CONFIRM|2|1|4|12:09:03.000 PM 28-Sep-2026
CHOICE|2|1|5|6|2|4|12:09:17.000 PM 28-Sep-2026
CHOICE|2|1|5|6|2|1|12:09:31.000 PM 28-Sep-2026
CONFIRM|2|1|5|12:09:40.000 PM 28-Sep-2026
CHOICE|2|1|6|7|3|-99|12:09:51.000 PM 28-Sep-2026
CONFIRM|2|1|6|12:10:01.000 PM 28-Sep-2026
CHOICE|2|1|7|1|1|4|12:10:04.000 PM 28-Sep-2026
CHOICE|2|1|7|0|4|1|12:10:19.000 PM 28-Sep-2026
CONFIRM|2|1|7|12:10:28.000 PM 28-Sep-2026
CHOICE|2|1|8|1|0|4|12:10:32.000 PM 28-Sep-2026
CONFIRM|2|1|8|12:10:40.000 PM 28-Sep-2026
CHOICE|2|1|9|2|6|4|12:10:50.000 PM 28-Sep-2026
CHOICE|2|1|9|2|6|2|12:11:05.000 PM 28-Sep-2026
CONFIRM|2|1|9|12:11:10.000 PM 28-Sep-2026
CHOICE|2|1|10|4|1|3|12:11:17.000 PM 28-Sep-2026
CONFIRM|2|1|10|12:11:19.000 PM 28-Sep-2026
CHOICE|2|1|11|5|6|-99|12:11:25.000 PM 28-Sep-2026
CONFIRM|2|1|11|12:11:39.000 PM 28-Sep-2026
CHOICE|2|1|12|5|1|1|12:11:53.000 PM 28-Sep-2026
CONFIRM|2|1|12|12:12:07.000 PM 28-Sep-2026
CHOICE|2|1|13|5|0|4|12:12:19.000 PM 28-Sep-2026
CHOICE|2|1|13|0|3|3|12:12:24.000 PM 28-Sep-2026
CONFIRM|2|1|13|12:12:32.000 PM 28-Sep-2026
CHOICE|2|1|14|5|1|4|12:12:39.000 PM 28-Sep-2026
CHOICE|2|1|14|6|6|1|12:12:47.000 PM 28-Sep-2026
CHOICE|2|1|14|0|4|4|12:12:57.000 PM 28-Sep-2026
CONFIRM|2|1|14|12:13:07.000 PM 28-Sep-2026
CHOICE|2|1|15|2|0|3|12:13:08.000 PM 28-Sep-2026
CONFIRM|2|1|15|12:13:18.000 PM 28-Sep-2026
CHOICE|2|1|16|0|1|3|12:13:29.000 PM 28-Sep-2026
CONFIRM|2|1|16|12:13:34.000 PM 28-Sep-2026
CHOICE|2|1|17|6|3|-99|12:13:42.000 PM 28-Sep-2026
CHOICE|2|1|17|6|3|4|12:13:56.000 PM 28-Sep-2026
CONFIRM|2|1|17|12:14:04.000 PM 28-Sep-2026
CHOICE|2|1|18|7|0|4|12:14:10.000 PM 28-Sep-2026
CHOICE|2|1|18|1|1|3|12:14:16.000 PM 28-Sep-2026
CHOICE|2|1|18|5|1|4|12:14:21.000 PM 28-Sep-2026
CONFIRM|2|1|18|12:14:24.000 PM 28-Sep-2026
CHOICE|2|1|19|7|5|2|12:14:31.000 PM 28-Sep-2026
CONFIRM|2|1|19|12:14:32.000 PM 28-Sep-2026
CHOICE|2|1|20|6|5|2|12:14:39.000 PM 28-Sep-2026
CHOICE|2|1|20|7|1|1|12:14:43.000 PM 28-Sep-2026
CHOICE|2|1|20|6|3|1|12:14:58.000 PM 28-Sep-2026
CONFIRM|2|1|20|12:15:00.000 PM 28-Sep-2026
SCORE|2|1|1|17|36|3
SCORE|2|1|2|10|31|19
SCORE|2|1|3|11|21|0
SCORE|2|1|4|1|13|15
SCORE|2|1|5|1|18|15
SCORE|2|1|6|16|29|1
SCORE|2|1|7|7|28|10
SCORE|2|1|8|7|30|14
SCORE|2|1|9|0|2|3
SCORE|2|1|10|6|12|9
SCORE|2|1|11|3|18|2
SCORE|2|1|12|20|27|18
SCORE|2|1|13|11|61|10
SCORE|2|1|14|8|34|5
SCORE|2|1|15|8|27|2
SCORE|2|1|16|12|23|7
SCORE|2|1|17|15|15|9
SCORE|2|1|18|15|29|1
SCORE|2|1|19|17|30|12
SCORE|2|1|20|18|24|9
PHASE|phase-3-1|12:15:08.000 PM 28-Sep-2026
STATE|3|1|0|0|hasResource|true
STATE|3|1|0|0|degraded|true
STATE|3|1|0|0|pDegraded|4.58
STATE|3|1|0|0|totalHarvestedLight|1.2
STATE|3|1|0|0|totalHarvestedHeavy|0.81
STATE|3|1|0|0|totalCropped|2.47
STATE|3|1|0|0|ownedBy|1
STATE|3|1|0|0|village|0
STATE|3|1|0|0|shared?|false
STATE|3|1|0|1|hasResource|true
STATE|3|1|0|1|degraded|false
STATE|3|1|0|1|pDegraded|7.44
STATE|3|1|0|1|totalHarvestedLight|5.92
STATE|3|1|0|1|totalHarvestedHeavy|3.22
STATE|3|1|0|1|totalCropped|3.93
STATE|3|1|0|1|ownedBy|1
STATE|3|1|0|1|village|1
STATE|3|1|0|1|shared?|false
STATE|3|1|0|2|hasResource|false
STATE|3|1|0|2|degraded|false
STATE|3|1|0|2|pDegraded|2.95
STATE|3|1|0|2|totalHarvestedLight|1.5
STATE|3|1|0|2|totalHarvestedHeavy|0.09
STATE|3|1|0|2|totalCropped|5.85
STATE|3|1|0|2|ownedBy|0
STATE|3|1|0|2|village|0
STATE|3|1|0|2|shared?|false
STATE|3|1|0|3|hasResource|true
STATE|3|1|0|3|degraded|true
STATE|3|1|0|3|pDegraded|3.83
STATE|3|1|0|3|totalHarvestedLight|6.47
STATE|3|1|0|3|totalHarvestedHeavy|2.18
STATE|3|1|0|3|totalCropped|8.42
STATE|3|1|0|3|ownedBy|0
STATE|3|1|0|3|village|0
STATE|3|1|0|3|shared?|false
STATE|3|1|0|4|hasResource|true
STATE|3|1|0|4|degraded|false
STATE|3|1|0|4|pDegraded|6.15
STATE|3|1|0|4|totalHarvestedLight|8.38
STATE|3|1|0|4|totalHarvestedHeavy|5.96
STATE|3|1|0|4|totalCropped|2.22
STATE|3|1|0|4|ownedBy|2
STATE|3|1|0|4|village|3
STATE|3|1|0|4|shared?|true
STATE|3|1|0|5|hasResource|true
STATE|3|1|0|5|degraded|false
STATE|3|1|0|5|pDegraded|5.9
STATE|3|1|0|5|totalHarvestedLight|8.01
STATE|3|1|0|5|totalHarvestedHeavy|6.5
STATE|3|1|0|5|totalCropped|6.76
STATE|3|1|0|5|ownedBy|3
STATE|3|1|0|5|village|1
STATE|3|1|0|5|shared?|false
STATE|3|1|0|6|hasResource|false
STATE|3|1|0|6|degraded|false
STATE|3|1|0|6|pDegraded|0.14
STATE|3|1|0|6|totalHarvestedLight|0.14
STATE|3|1|0|6|totalHarvestedHeavy|1.65
STATE|3|1|0|6|totalCropped|1.6
STATE|3|1|0|6|ownedBy|1
STATE|3|1|0|6|village|2
STATE|3|1|0|6|shared?|true
STATE|3|1|0|7|hasResource|true
STATE|3|1|0|7|degraded|false
STATE|3|1|0|7|pDegraded|6.45
STATE|3|1|0|7|totalHarvestedLight|1.34
STATE|3|1|0|7|totalHarvestedHeavy|4.46
STATE|3|1|0|7|totalCropped|5.6
STATE|3|1|0|7|ownedBy|0
STATE|3|1|0|7|village|3
STATE|3|1|0|7|shared?|true
STATE|3|1|1|0|hasResource|false
STATE|3|1|1|0|degraded|true
STATE|3|1|1|0|pDegraded|4.99
STATE|3|1|1|0|totalHarvestedLight|2.95
STATE|3|1|1|0|totalHarvestedHeavy|0.31
STATE|3|1|1|0|totalCropped|2.7
STATE|3|1|1|0|ownedBy|0
STATE|3|1|1|0|village|1
STATE|3|1|1|0|shared?|true
STATE|3|1|1|1|hasResource|false
STATE|3|1|1|1|degraded|true
STATE|3|1|1|1|pDegraded|3.52
STATE|3|1|1|1|totalHarvestedLight|6.95
STATE|3|1|1|1|totalHarvestedHeavy|6.25
STATE|3|1|1|1|totalCropped|0.21
STATE|3|1|1|1|ownedBy|0
STATE|3|1|1|1|village|1
STATE|3|1|1|1|shared?|false
STATE|3|1|1|2|hasResource|true
STATE|3|1|1|2|degraded|false
STATE|3|1|1|2|pDegraded|0.67
STATE|3|1|1|2|totalHarvestedLight|3.95
STATE|3|1|1|2|totalHarvestedHeavy|9.79
STATE|3|1|1|2|totalCropped|4.06
STATE|3|1|1|2|ownedBy|3
STATE|3|1|1|2|village|2
STATE|3|1|1|2|shared?|false
STATE|3|1|1|3|hasResource|true
STATE|3|1|1|3|degraded|false
STATE|3|1|1|3|pDegraded|3.98
STATE|3|1|1|3|totalHarvestedLight|5.98
STATE|3|1|1|3|totalHarvestedHeavy|2.01
STATE|3|1|1|3|totalCropped|7.72
STATE|3|1|1|3|ownedBy|1
STATE|3|1|1|3|village|1
STATE|3|1|1|3|shared?|false
STATE|3|1|1|4|hasResource|true
STATE|3|1|1|4|degraded|true
STATE|3|1|1|4|pDegraded|8.08
STATE|3|1|1|4|totalHarvestedLight|6.77
STATE|3|1|1|4|totalHarvestedHeavy|1.63
STATE|3|1|1|4|totalCropped|3.83
STATE|3|1|1|4|ownedBy|3
STATE|3|1|1|4|village|3
STATE|3|1|1|4|shared?|false
STATE|3|1|1|5|hasResource|false
STATE|3|1|1|5|degraded|false
STATE|3|1|1|5|pDegraded|6.6
STATE|3|1|1|5|totalHarvestedLight|2.83
STATE|3|1|1|5|totalHarvestedHeavy|9.81
STATE|3|1|1|5|totalCropped|4.17
STATE|3|1|1|5|ownedBy|2
STATE|3|1|1|5|village|3
STATE|3|1|1|5|shared?|false
STATE|3|1|1|6|hasResource|true
STATE|3|1|1|6|degraded|false
STATE|3|1|1|6|pDegraded|4.81
STATE|3|1|1|6|totalHarvestedLight|4.91
STATE|3|1|1|6|totalHarvestedHeavy|6.31
STATE|3|1|1|6|totalCropped|2.39
STATE|3|1|1|6|ownedBy|0
STATE|3|1|1|6|village|1
STATE|3|1|1|6|shared?|false
STATE|3|1|1|7|hasResource|true
STATE|3|1|1|7|degraded|true
STATE|3|1|1|7|pDegraded|1.23
STATE|3|1|1|7|totalHarvestedLight|4.46
STATE|3|1|1|7|totalHarvestedHeavy|4.68
STATE|3|1|1|7|totalCropped|6.51
STATE|3|1|1|7|ownedBy|0
STATE|3|1|1|7|village|3
STATE|3|1|1|7|shared?|true
STATE|3|1|2|0|hasResource|true
STATE|3|1|2|0|degraded|false
STATE|3|1|2|0|pDegraded|6.99
STATE|3|1|2|0|totalHarvestedLight|9.58
STATE|3|1|2|0|totalHarvestedHeavy|8.03
STATE|3|1|2|0|totalCropped|8.28
STATE|3|1|2|0|ownedBy|0
STATE|3|1|2|0|village|2
STATE|3|1|2|0|shared?|true
STATE|3|1|2|1|hasResource|true
STATE|3|1|2|1|degraded|true
STATE|3|1|2|1|pDegraded|0.21
STATE|3|1|2|1|totalHarvestedLight|7.89
STATE|3|1|2|1|totalHarvestedHeavy|4.36
STATE|3|1|2|1|totalCropped|9.9
STATE|3|1|2|1|ownedBy|3
STATE|3|1|2|1|village|3
STATE|3|1|2|1|shared?|false
STATE|3|1|2|2|hasResource|true
STATE|3|1|2|2|degraded|true
STATE|3|1|2|2|pDegraded|1.64
STATE|3|1|2|2|totalHarvestedLight|5.12
STATE|3|1|2|2|totalHarvestedHeavy|8.48
STATE|3|1|2|2|totalCropped|8.94
STATE|3|1|2|2|ownedBy|1
STATE|3|1|2|2|village|0
STATE|3|1|2|2|shared?|false
STATE|3|1|2|3|hasResource|false
STATE|3|1|2|3|degraded|true
STATE|3|1|2|3|pDegraded|9.89
STATE|3|1|2|3|totalHarvestedLight|2.04
STATE|3|1|2|3|totalHarvestedHeavy|5.48
STATE|3|1|2|3|totalCropped|2.53
STATE|3|1|2|3|ownedBy|1
STATE|3|1|2|3|village|0
STATE|3|1|2|3|shared?|false
STATE|3|1|2|4|hasResource|true
STATE|3|1|2|4|degraded|false
STATE|3|1|2|4|pDegraded|5.68
STATE|3|1|2|4|totalHarvestedLight|8.96
STATE|3|1|2|4|totalHarvestedHeavy|4.77
STATE|3|1|2|4|totalCropped|3.29
STATE|3|1|2|4|ownedBy|1
STATE|3|1|2|4|village|0
STATE|3|1|2|4|shared?|true
STATE|3|1|2|5|hasResource|true
STATE|3|1|2|5|degraded|true
STATE|3|1|2|5|pDegraded|1.49
STATE|3|1|2|5|totalHarvestedLight|3.15
STATE|3|1|2|5|totalHarvestedHeavy|7.68
STATE|3|1|2|5|totalCropped|9.42
STATE|3|1|2|5|ownedBy|1
STATE|3|1|2|5|village|0
STATE|3|1|2|5|shared?|false
STATE|3|1|2|6|hasResource|true
STATE|3|1|2|6|degraded|false
STATE|3|1|2|6|pDegraded|2.53
STATE|3|1|2|6|totalHarvestedLight|5.32
STATE|3|1|2|6|totalHarvestedHeavy|6.3
STATE|3|1|2|6|totalCropped|0.43
STATE|3|1|2|6|ownedBy|3
STATE|3|1|2|6|village|0
STATE|3|1|2|6|shared?|true
STATE|3|1|2|7|hasResource|true
STATE|3|1|2|7|degraded|true
STATE|3|1|2|7|pDegraded|9.3
STATE|3|1|2|7|totalHarvestedLight|2.21
STATE|3|1|2|7|totalHarvestedHeavy|3.26
STATE|3|1|2|7|totalCropped|1.84
STATE|3|1|2|7|ownedBy|2
STATE|3|1|2|7|village|3
STATE|3|1|2|7|shared?|true
STATE|3|1|3|0|hasResource|true
STATE|3|1|3|0|degraded|true
STATE|3|1|3|0|pDegraded|9.89
STATE|3|1|3|0|totalHarvestedLight|7.16
STATE|3|1|3|0|totalHarvestedHeavy|7.37
STATE|3|1|3|0|totalCropped|8.11
STATE|3|1|3|0|ownedBy|0
STATE|3|1|3|0|village|1
STATE|3|1|3|0|shared?|true
STATE|3|1|3|1|hasResource|true
STATE|3|1|3|1|degraded|false
STATE|3|1|3|1|pDegraded|9.08
STATE|3|1|3|1|totalHarvestedLight|1.49
STATE|3|1|3|1|totalHarvestedHeavy|9.87
STATE|3|1|3|1|totalCropped|5.54
STATE|3|1|3|1|ownedBy|1
STATE|3|1|3|1|village|1
STATE|3|1|3|1|shared?|true
STATE|3|1|3|2|hasResource|true
STATE|3|1|3|2|degraded|false
STATE|3|1|3|2|pDegraded|4.53
STATE|3|1|3|2|totalHarvestedLight|3.1
STATE|3|1|3|2|totalHarvestedHeavy|9.48
STATE|3|1|3|2|totalCropped|4.75
STATE|3|1|3|2|ownedBy|1
STATE|3|1|3|2|village|3
STATE|3|1|3|2|shared?|false
STATE|3|1|3|3|hasResource|true
STATE|3|1|3|3|degraded|true
STATE|3|1|3|3|pDegraded|1.04
STATE|3|1|3|3|totalHarvestedLight|2.38
STATE|3|1|3|3|totalHarvestedHeavy|9.97
STATE|3|1|3|3|totalCropped|6.21
STATE|3|1|3|3|ownedBy|3
STATE|3|1|3|3|village|0
STATE|3|1|3|3|shared?|false
STATE|3|1|3|4|hasResource|false
STATE|3|1|3|4|degraded|false
STATE|3|1|3|4|pDegraded|3.67
STATE|3|1|3|4|totalHarvestedLight|1.47
STATE|3|1|3|4|totalHarvestedHeavy|0.29
STATE|3|1|3|4|totalCropped|1.21
STATE|3|1|3|4|ownedBy|2
STATE|3|1|3|4|village|2
STATE|3|1|3|4|shared?|true
STATE|3|1|3|5|hasResource|false
STATE|3|1|3|5|degraded|true
STATE|3|1|3|5|pDegraded|2.34
STATE|3|1|3|5|totalHarvestedLight|3.14
STATE|3|1|3|5|totalHarvestedHeavy|4.93
STATE|3|1|3|5|totalCropped|2.1
STATE|3|1|3|5|ownedBy|2
STATE|3|1|3|5|village|2
STATE|3|1|3|5|shared?|true
STATE|3|1|3|6|hasResource|true
STATE|3|1|3|6|degraded|false
STATE|3|1|3|6|pDegraded|9.67
STATE|3|1|3|6|totalHarvestedLight|5.48
STATE|3|1|3|6|totalHarvestedHeavy|9.88
STATE|3|1|3|6|totalCropped|4.32
STATE|3|1|3|6|ownedBy|3
STATE|3|1|3|6|village|2
STATE|3|1|3|6|shared?|false
STATE|3|1|3|7|hasResource|false
STATE|3|1|3|7|degraded|true
STATE|3|1|3|7|pDegraded|4.26
STATE|3|1|3|7|totalHarvestedLight|8.37
STATE|3|1|3|7|totalHarvestedHeavy|5.93
STATE|3|1|3|7|totalCropped|2.09
STATE|3|1|3|7|ownedBy|0
STATE|3|1|3|7|village|3
STATE|3|1|3|7|shared?|true
STATE|3|1|4|0|hasResource|false
STATE|3|1|4|0|degraded|true
STATE|3|1|4|0|pDegraded|4.46
STATE|3|1|4|0|totalHarvestedLight|8.96
STATE|3|1|4|0|totalHarvestedHeavy|9.01
STATE|3|1|4|0|totalCropped|4.92
STATE|3|1|4|0|ownedBy|0
STATE|3|1|4|0|village|2
STATE|3|1|4|0|shared?|false
STATE|3|1|4|1|hasResource|false
STATE|3|1|4|1|degraded|true
STATE|3|1|4|1|pDegraded|8.86
STATE|3|1|4|1|totalHarvestedLight|2.97
STATE|3|1|4|1|totalHarvestedHeavy|9.8
STATE|3|1|4|1|totalCropped|3.23
STATE|3|1|4|1|ownedBy|1
STATE|3|1|4|1|village|3
STATE|3|1|4|1|shared?|false
STATE|3|1|4|2|hasResource|false
STATE|3|1|4|2|degraded|true
STATE|3|1|4|2|pDegraded|2.8
STATE|3|1|4|2|totalHarvestedLight|6.56
STATE|3|1|4|2|totalHarvestedHeavy|9.09
STATE|3|1|4|2|totalCropped|6.81
STATE|3|1|4|2|ownedBy|0
STATE|3|1|4|2|village|3
STATE|3|1|4|2|shared?|true
STATE|3|1|4|3|hasResource|true
STATE|3|1|4|3|degraded|true
STATE|3|1|4|3|pDegraded|2.25
STATE|3|1|4|3|totalHarvestedLight|5.16
STATE|3|1|4|3|totalHarvestedHeavy|3.73
STATE|3|1|4|3|totalCropped|2.67
STATE|3|1|4|3|ownedBy|2
STATE|3|1|4|3|village|0
STATE|3|1|4|3|shared?|false
STATE|3|1|4|4|hasResource|false
STATE|3|1|4|4|degraded|false
STATE|3|1|4|4|pDegraded|0.31
STATE|3|1|4|4|totalHarvestedLight|8.8
STATE|3|1|4|4|totalHarvestedHeavy|0.95
STATE|3|1|4|4|totalCropped|1.96
STATE|3|1|4|4|ownedBy|3
STATE|3|1|4|4|village|2
STATE|3|1|4|4|shared?|false
STATE|3|1|4|5|hasResource|false
STATE|3|1|4|5|degraded|true
STATE|3|1|4|5|pDegraded|7.22
STATE|3|1|4|5|totalHarvestedLight|4.28
STATE|3|1|4|5|totalHarvestedHeavy|1.94
STATE|3|1|4|5|totalCropped|2.19
STATE|3|1|4|5|ownedBy|0
STATE|3|1|4|5|village|3
STATE|3|1|4|5|shared?|true
STATE|3|1|4|6|hasResource|false
STATE|3|1|4|6|degraded|false
STATE|3|1|4|6|pDegraded|3.49
STATE|3|1|4|6|totalHarvestedLight|4.12
STATE|3|1|4|6|totalHarvestedHeavy|2.79
STATE|3|1|4|6|totalCropped|7.81
STATE|3|1|4|6|ownedBy|2
STATE|3|1|4|6|village|1
STATE|3|1|4|6|shared?|true
STATE|3|1|4|7|hasResource|false
STATE|3|1|4|7|degraded|false
STATE|3|1|4|7|pDegraded|0.46
STATE|3|1|4|7|totalHarvestedLight|4.59
STATE|3|1|4|7|totalHarvestedHeavy|2.21
STATE|3|1|4|7|totalCropped|6.39
STATE|3|1|4|7|ownedBy|1
STATE|3|1|4|7|village|1
STATE|3|1|4|7|shared?|true
STATE|3|1|5|0|hasResource|true
STATE|3|1|5|0|degraded|true
STATE|3|1|5|0|pDegraded|6.98
STATE|3|1|5|0|totalHarvestedLight|7.65
STATE|3|1|5|0|totalHarvestedHeavy|1.66
STATE|3|1|5|0|totalCropped|1.98
STATE|3|1|5|0|ownedBy|2
STATE|3|1|5|0|village|2
STATE|3|1|5|0|shared?|false
STATE|3|1|5|1|hasResource|true
STATE|3|1|5|1|degraded|false
STATE|3|1|5|1|pDegraded|9.02
STATE|3|1|5|1|totalHarvestedLight|0.26
STATE|3|1|5|1|totalHarvestedHeavy|7.99
STATE|3|1|5|1|totalCropped|5.98
STATE|3|1|5|1|ownedBy|0
STATE|3|1|5|1|village|2
STATE|3|1|5|1|shared?|false
STATE|3|1|5|2|hasResource|false
STATE|3|1|5|2|degraded|false
STATE|3|1|5|2|pDegraded|5.74
STATE|3|1|5|2|totalHarvestedLight|6.99
STATE|3|1|5|2|totalHarvestedHeavy|7.7
STATE|3|1|5|2|totalCropped|8.48
STATE|3|1|5|2|ownedBy|3
STATE|3|1|5|2|village|3
STATE|3|1|5|2|shared?|true
STATE|3|1|5|3|hasResource|true
STATE|3|1|5|3|degraded|false
STATE|3|1|5|3|pDegraded|9.08
STATE|3|1|5|3|totalHarvestedLight|7.01
STATE|3|1|5|3|totalHarvestedHeavy|2.19
STATE|3|1|5|3|totalCropped|9.89
STATE|3|1|5|3|ownedBy|0
STATE|3|1|5|3|village|3
STATE|3|1|5|3|shared?|false
STATE|3|1|5|4|hasResource|false
STATE|3|1|5|4|degraded|true
STATE|3|1|5|4|pDegraded|8.89
STATE|3|1|5|4|totalHarvestedLight|6.1
STATE|3|1|5|4|totalHarvestedHeavy|7.1
STATE|3|1|5|4|totalCropped|1.39
STATE|3|1|5|4|ownedBy|2
STATE|3|1|5|4|village|1
STATE|3|1|5|4|shared?|false
STATE|3|1|5|5|hasResource|true
STATE|3|1|5|5|degraded|true
STATE|3|1|5|5|pDegraded|7.18
STATE|3|1|5|5|totalHarvestedLight|3.14
STATE|3|1|5|5|totalHarvestedHeavy|0.35
STATE|3|1|5|5|totalCropped|2.85
STATE|3|1|5|5|ownedBy|2
STATE|3|1|5|5|village|2
STATE|3|1|5|5|shared?|false
STATE|3|1|5|6|hasResource|false
STATE|3|1|5|6|degraded|true
STATE|3|1|5|6|pDegraded|7.85
STATE|3|1|5|6|totalHarvestedLight|7.98
STATE|3|1|5|6|totalHarvestedHeavy|0.83
STATE|3|1|5|6|totalCropped|1.04
STATE|3|1|5|6|ownedBy|2
STATE|3|1|5|6|village|3
STATE|3|1|5|6|shared?|false
STATE|3|1|5|7|hasResource|false
STATE|3|1|5|7|degraded|false
STATE|3|1|5|7|pDegraded|4.96
STATE|3|1|5|7|totalHarvestedLight|4.22
STATE|3|1|5|7|totalHarvestedHeavy|4.71
STATE|3|1|5|7|totalCropped|3.72
STATE|3|1|5|7|ownedBy|3
STATE|3|1|5|7|village|3
STATE|3|1|5|7|shared?|true
STATE|3|1|6|0|hasResource|false
STATE|3|1|6|0|degraded|false
STATE|3|1|6|0|pDegraded|7.88
STATE|3|1|6|0|totalHarvestedLight|6.29
STATE|3|1|6|0|totalHarvestedHeavy|1.95
STATE|3|1|6|0|totalCropped|9.47
STATE|3|1|6|0|ownedBy|3
STATE|3|1|6|0|village|0
STATE|3|1|6|0|shared?|true
STATE|3|1|6|1|hasResource|false
STATE|3|1|6|1|degraded|true
STATE|3|1|6|1|pDegraded|2.81
STATE|3|1|6|1|totalHarvestedLight|6.26
STATE|3|1|6|1|totalHarvestedHeavy|5.94
STATE|3|1|6|1|totalCropped|2.34
STATE|3|1|6|1|ownedBy|0
STATE|3|1|6|1|village|2
STATE|3|1|6|1|shared?|true
STATE|3|1|6|2|hasResource|true
STATE|3|1|6|2|degraded|true
STATE|3|1|6|2|pDegraded|9.09
STATE|3|1|6|2|totalHarvestedLight|4.4
STATE|3|1|6|2|totalHarvestedHeavy|0.76
STATE|3|1|6|2|totalCropped|7.48
STATE|3|1|6|2|ownedBy|0
STATE|3|1|6|2|village|3
STATE|3|1|6|2|shared?|false
STATE|3|1|6|3|hasResource|true
STATE|3|1|6|3|degraded|false
STATE|3|1|6|3|pDegraded|6.67
STATE|3|1|6|3|totalHarvestedLight|5.82
STATE|3|1|6|3|totalHarvestedHeavy|8.93
STATE|3|1|6|3|totalCropped|5.04
STATE|3|1|6|3|ownedBy|2
STATE|3|1|6|3|village|1
STATE|3|1|6|3|shared?|true
STATE|3|1|6|4|hasResource|true
STATE|3|1|6|4|degraded|true
STATE|3|1|6|4|pDegraded|3.68
STATE|3|1|6|4|totalHarvestedLight|6.51
STATE|3|1|6|4|totalHarvestedHeavy|8.44
STATE|3|1|6|4|totalCropped|0.18
STATE|3|1|6|4|ownedBy|0
STATE|3|1|6|4|village|3
STATE|3|1|6|4|shared?|false
STATE|3|1|6|5|hasResource|false
STATE|3|1|6|5|degraded|true
STATE|3|1|6|5|pDegraded|0.33
STATE|3|1|6|5|totalHarvestedLight|7.53
STATE|3|1|6|5|totalHarvestedHeavy|4.16
STATE|3|1|6|5|totalCropped|9.89
STATE|3|1|6|5|ownedBy|3
STATE|3|1|6|5|village|3
STATE|3|1|6|5|shared?|true
STATE|3|1|6|6|hasResource|true
STATE|3|1|6|6|degraded|true
STATE|3|1|6|6|pDegraded|2.27
STATE|3|1|6|6|totalHarvestedLight|8.19
STATE|3|1|6|6|totalHarvestedHeavy|4.76
STATE|3|1|6|6|totalCropped|9.39
STATE|3|1|6|6|ownedBy|2
STATE|3|1|6|6|village|0
STATE|3|1|6|6|shared?|false
STATE|3|1|6|7|hasResource|true
STATE|3|1|6|7|degraded|false
STATE|3|1|6|7|pDegraded|8.58
STATE|3|1|6|7|totalHarvestedLight|8.79
STATE|3|1|6|7|totalHarvestedHeavy|1.93
STATE|3|1|6|7|totalCropped|8.07
STATE|3|1|6|7|ownedBy|3
STATE|3|1|6|7|village|2
STATE|3|1|6|7|shared?|false
STATE|3|1|7|0|hasResource|true
STATE|3|1|7|0|degraded|false
STATE|3|1|7|0|pDegraded|6.42
STATE|3|1|7|0|totalHarvestedLight|9.91
STATE|3|1|7|0|totalHarvestedHeavy|3.39
STATE|3|1|7|0|totalCropped|3.9
STATE|3|1|7|0|ownedBy|0
STATE|3|1|7|0|village|0
STATE|3|1|7|0|shared?|false
STATE|3|1|7|1|hasResource|true
STATE|3|1|7|1|degraded|false
STATE|3|1|7|1|pDegraded|1.46
STATE|3|1|7|1|totalHarvestedLight|1.91
STATE|3|1|7|1|totalHarvestedHeavy|9.5
STATE|3|1|7|1|totalCropped|4.98
STATE|3|1|7|1|ownedBy|1
STATE|3|1|7|1|village|2
STATE|3|1|7|1|shared?|true
STATE|3|1|7|2|hasResource|true
STATE|3|1|7|2|degraded|false
STATE|3|1|7|2|pDegraded|1.92
STATE|3|1|7|2|totalHarvestedLight|9.05
STATE|3|1|7|2|totalHarvestedHeavy|8.83
STATE|3|1|7|2|totalCropped|6.81
STATE|3|1|7|2|ownedBy|1
STATE|3|1|7|2|village|0
STATE|3|1|7|2|shared?|false
STATE|3|1|7|3|hasResource|false
STATE|3|1|7|3|degraded|false
STATE|3|1|7|3|pDegraded|2.2
STATE|3|1|7|3|totalHarvestedLight|6.1
STATE|3|1|7|3|totalHarvestedHeavy|9.57
STATE|3|1|7|3|totalCropped|5.91
STATE|3|1|7|3|ownedBy|0
STATE|3|1|7|3|village|0
STATE|3|1|7|3|shared?|true
STATE|3|1|7|4|hasResource|false
STATE|3|1|7|4|degraded|true
STATE|3|1|7|4|pDegraded|0.01
STATE|3|1|7|4|totalHarvestedLight|3.74
STATE|3|1|7|4|totalHarvestedHeavy|2.57
STATE|3|1|7|4|totalCropped|4.94
STATE|3|1|7|4|ownedBy|0
STATE|3|1|7|4|village|2
STATE|3|1|7|4|shared?|false
STATE|3|1|7|5|hasResource|false
STATE|3|1|7|5|degraded|true
STATE|3|1|7|5|pDegraded|5.82
STATE|3|1|7|5|totalHarvestedLight|5.27
STATE|3|1|7|5|totalHarvestedHeavy|7.89
STATE|3|1|7|5|totalCropped|5.76
STATE|3|1|7|5|ownedBy|3
STATE|3|1|7|5|village|0
STATE|3|1|7|5|shared?|false
STATE|3|1|7|6|hasResource|false
STATE|3|1|7|6|degraded|true
STATE|3|1|7|6|pDegraded|1.14
STATE|3|1|7|6|totalHarvestedLight|8.66
STATE|3|1|7|6|totalHarvestedHeavy|8.34
STATE|3|1|7|6|totalCropped|0.08
STATE|3|1|7|6|ownedBy|0
STATE|3|1|7|6|village|3
STATE|3|1|7|6|shared?|true
STATE|3|1|7|7|hasResource|true
STATE|3|1|7|7|degraded|true
STATE|3|1|7|7|pDegraded|3.51
STATE|3|1|7|7|totalHarvestedLight|0.4
STATE|3|1|7|7|totalHarvestedHeavy|1.11
STATE|3|1|7|7|totalCropped|1.95
STATE|3|1|7|7|ownedBy|1
STATE|3|1|7|7|village|1
STATE|3|1|7|7|shared?|true
CHOICE|3|1|1|7|3|2|12:15:23.000 PM 28-Sep-2026
CHOICE|3|1|1|7|3|4|12:15:34.000 PM 28-Sep-2026
CHOICE|3|1|1|4|7|2|12:15:35.000 PM 28-Sep-2026
CONFIRM|3|1|1|12:15:44.000 PM 28-Sep-2026
CHOICE|3|1|2|6|2|3|12:15:47.000 PM 28-Sep-2026
CHOICE|3|1|2|1|5|2|12:15:53.000 PM 28-Sep-2026
CHOICE|3|1|2|5|2|2|12:16:01.000 PM 28-Sep-2026
CONFIRM|3|1|2|12:16:05.000 PM 28-Sep-2026
CHOICE|3|1|3|0|2|3|12:16:10.000 PM 28-Sep-2026
CHOICE|3|1|3|1|7|1|12:16:19.000 PM 28-Sep-2026
CONFIRM|3|1|3|12:16:22.000 PM 28-Sep-2026
CHOICE|3|1|4|5|4|-99|12:16:30.000 PM 28-Sep-2026
CHOICE|3|1|4|3|7|2|12:16:38.000 PM 28-Sep-2026
CONFIRM|3|1|4|12:16:41.000 PM 28-Sep-2026
CHOICE|3|1|5|2|4|3|12:16:52.000 PM 28-Sep-2026
CHOICE|3|1|5|6|0|-99|12:16:58.000 PM 28-Sep-2026
CHOICE|3|1|5|5|1|1|12:17:10.000 PM 28-Sep-2026
CONFIRM|3|1|5|12:17:18.000 PM 28-Sep-2026
CHOICE|3|1|6|5|1|4|12:17:30.000 PM 28-Sep-2026
CHOICE|3|1|6|1|4|4|12:17:44.000 PM 28-Sep-2026
CHOICE|3|1|6|6|4|1|12:17:59.000 PM 28-Sep-2026
CONFIRM|3|1|6|12:18:01.000 PM 28-Sep-2026
CHOICE|3|1|7|5|6|3|12:18:05.000 PM 28-Sep-2026
CHOICE|3|1|7|5|6|2|12:18:10.000 PM 28-Sep-2026
CONFIRM|3|1|7|12:18:13.000 PM 28-Sep-2026
CHOICE|3|1|8|1|3|-99|12:18:19.000 PM 28-Sep-2026
CHOICE|3|1|8|2|4|3|12:18:30.000 PM 28-Sep-2026
CHOICE|3|1|8|6|4|4|12:18:37.000 PM 28-Sep-2026
CONFIRM|3|1|8|12:18:41.000 PM 28-Sep-2026
CHOICE|3|1|9|1|2|3|12:18:54.000 PM 28-Sep-2026
CHOICE|3|1|9|3|4|4|12:19:00.000 PM 28-Sep-2026
CHOICE|3|1|9|6|2|3|12:19:02.000 PM 28-Sep-2026
CONFIRM|3|1|9|12:19:11.000 PM 28-Sep-2026
CHOICE|3|1|10|2|6|4|12:19:13.000 PM 28-Sep-2026
CHOICE|3|1|10|4|2|-99|12:19:24.000 PM 28-Sep-2026
CONFIRM|3|1|10|12:19:32.000 PM 28-Sep-2026
CHOICE|3|1|11|3|0|1|12:19:43.000 PM 28-Sep-2026
CHOICE|3|1|11|2|3|4|12:19:52.000 PM 28-Sep-2026
CHOICE|3|1|11|2|3|1|12:19:59.000 PM 28-Sep-2026
CONFIRM|3|1|11|12:20:12.000 PM 28-Sep-2026
CHOICE|3|1|12|5|5|2|12:20:21.000 PM 28-Sep-2026
CHOICE|3|1|12|4|3|2|12:20:36.000 PM 28-Sep-2026
CHOICE|3|1|12|2|4|4|12:20:48.000 PM 28-Sep-2026
CONFIRM|3|1|12|12:20:52.000 PM 28-Sep-2026
CHOICE|3|1|13|6|0|2|12:21:04.000 PM 28-Sep-2026
CONFIRM|3|1|13|12:21:17.000 PM 28-Sep-2026
CHOICE|3|1|14|3|0|2|12:21:31.000 PM 28-Sep-2026
CHOICE|3|1|14|6|0|4|12:21:36.000 PM 28-Sep-2026
CONFIRM|3|1|14|12:21:48.000 PM 28-Sep-2026
CHOICE|3|1|15|1|7|2|12:21:50.000 PM 28-Sep-2026
CONFIRM|3|1|15|12:21:59.000 PM 28-Sep-2026
CHOICE|3|1|16|3|7|3|12:22:07.000 PM 28-Sep-2026
CHOICE|3|1|16|2|4|2|12:22:09.000 PM 28-Sep-2026
CHOICE|3|1|16|2|4|4|12:22:23.000 PM 28-Sep-2026
CONFIRM|3|1|16|12:22:31.000 PM 28-Sep-2026
CHOICE|3|1|17|3|7|4|12:22:33.000 PM 28-Sep-2026
CONFIRM|3|1|17|12:22:40.000 PM 28-Sep-2026
CHOICE|3|1|18|4|5|1|12:22:53.000 PM 28-Sep-2026
CHOICE|3|1|18|0|4|1|12:23:01.000 PM 28-Sep-2026
CONFIRM|3|1|18|12:23:12.000 PM 28-Sep-2026
CHOICE|3|1|19|6|3|4|12:23:16.000 PM 28-Sep-2026
CHOICE|3|1|19|6|6|3|12:23:29.000 PM 28-Sep-2026
CHOICE|3|1|19|3|3|1|12:23:35.000 PM 28-Sep-2026
CONFIRM|3|1|19|12:23:46.000 PM 28-Sep-2026
CHOICE|3|1|20|6|4|3|12:23:58.000 PM 28-Sep-2026
CHOICE|3|1|20|4|5|3|12:24:02.000 PM 28-Sep-2026
CHOICE|3|1|20|6|2|4|12:24:12.000 PM 28-Sep-2026
CONFIRM|3|1|20|12:24:26.000 PM 28-Sep-2026
SCORE|3|1|1|9|19|0
SCORE|3|1|2|10|30|4
SCORE|3|1|3|4|25|13
SCORE|3|1|4|7|28|12
SCORE|3|1|5|7|22|18
SCORE|3|1|6|9|40|4
SCORE|3|1|7|16|29|20
SCORE|3|1|8|12|55|3
SCORE|3|1|9|4|49|19
SCORE|3|1|10|16|35|13
SCORE|3|1|11|1|43|2
SCORE|3|1|12|8|56|18
SCORE|3|1|13|10|19|13
SCORE|3|1|14|6|50|0
SCORE|3|1|15|15|63|10
SCORE|3|1|16|4|37|11
SCORE|3|1|17|12|14|5
SCORE|3|1|18|9|28|14
SCORE|3|1|19|2|3|5
SCORE|3|1|20|18|24|2
