PHASE|phase-1-1|12:00:06.000 PM 28-Sep-2026
STATE|1|1|0|0|animalCount|[2 6 10 0 1 8 1 5 9 0 8 3 0 1 6 6 1 3 1 8]
STATE|1|1|0|0|forageCount|4.25
STATE|1|1|0|0|forageMass|8.27
STATE|1|1|0|0|fenced?|true
STATE|1|1|0|0|attacked?|true
STATE|1|1|0|0|cropped|false
STATE|1|1|0|0|totalLivestock|[0 9 9 6 0 3 0 8 2 4 6 2 8 1 9 4 8 10 2 1]
STATE|1|1|0|0|treeCount|5.82
STATE|1|1|0|0|grassMass|6.39
STATE|1|1|0|0|pAttack|3.72
STATE|1|1|0|0|arable|false
STATE|1|1|0|0|totalHarvest|0.63
STATE|1|1|0|0|animalLoss|0.6
STATE|1|1|0|0|ownedBy|0
STATE|1|1|0|0|village|2
STATE|1|1|0|0|shared?|false
STATE|1|1|0|1|animalCount|[6 5 7 9 7 5 4 3 2 3 1 9 4 8 7 5 7 4 9 1]
STATE|1|1|0|1|forageCount|1.18
STATE|1|1|0|1|forageMass|4.18
STATE|1|1|0|1|fenced?|false
STATE|1|1|0|1|attacked?|true
STATE|1|1|0|1|cropped|true
STATE|1|1|0|1|totalLivestock|[0 10 1 8 9 5 5 5 9 7 9 7 1 1 4 7 10 1 0 4]
STATE|1|1|0|1|treeCount|6.47
STATE|1|1|0|1|grassMass|9.93
STATE|1|1|0|1|pAttack|8.22
STATE|1|1|0|1|arable|true
STATE|1|1|0|1|totalHarvest|3.86
STATE|1|1|0|1|animalLoss|6.69
STATE|1|1|0|1|ownedBy|0
STATE|1|1|0|1|village|2
STATE|1|1|0|1|shared?|true
STATE|1|1|0|2|animalCount|[9 1 7 0 3 4 2 3 6 6 7 1 2 7 6 8 4 2 6 8]
STATE|1|1|0|2|forageCount|2.78
STATE|1|1|0|2|forageMass|4.15
STATE|1|1|0|2|fenced?|true
STATE|1|1|0|2|attacked?|false
STATE|1|1|0|2|cropped|false
STATE|1|1|0|2|totalLivestock|[2 1 2 2 3 10 3 0 7 9 2 4 4 0 2 6 8 5 9 9]
STATE|1|1|0|2|treeCount|3.19
STATE|1|1|0|2|grassMass|1.25
STATE|1|1|0|2|pAttack|8.59
STATE|1|1|0|2|arable|false
STATE|1|1|0|2|totalHarvest|6.55
STATE|1|1|0|2|animalLoss|7.4
STATE|1|1|0|2|ownedBy|2
STATE|1|1|0|2|village|3
STATE|1|1|0|2|shared?|false
STATE|1|1|0|3|animalCount|[6 6 6 6 1 7 10 6 0 3 1 3 7 2 1 5 9 0 1 0]
STATE|1|1|0|3|forageCount|5.67
STATE|1|1|0|3|forageMass|5.37
STATE|1|1|0|3|fenced?|false
STATE|1|1|0|3|attacked?|false
STATE|1|1|0|3|cropped|true
STATE|1|1|0|3|totalLivestock|[3 9 6 2 10 4 5 9 5 7 1 1 7 7 7 7 4 1 2 1]
STATE|1|1|0|3|treeCount|7.5
STATE|1|1|0|3|grassMass|7.4
STATE|1|1|0|3|pAttack|4.79
STATE|1|1|0|3|arable|false
STATE|1|1|0|3|totalHarvest|5.16
STATE|1|1|0|3|animalLoss|2.05
STATE|1|1|0|3|ownedBy|3
STATE|1|1|0|3|village|1
STATE|1|1|0|3|shared?|true
STATE|1|1|1|0|animalCount|[8 0 8 4 10 1 4 8 5 2 5 3 8 8 8 5 10 3 9 3]
STATE|1|1|1|0|forageCount|8.06
STATE|1|1|1|0|forageMass|8.18
STATE|1|1|1|0|fenced?|false
STATE|1|1|1|0|attacked?|true
STATE|1|1|1|0|cropped|false
STATE|1|1|1|0|totalLivestock|[5 0 0 4 7 4 3 9 5 7 5 5 1 3 1 3 7 3 5 3]
STATE|1|1|1|0|treeCount|4.83
STATE|1|1|1|0|grassMass|9.85
STATE|1|1|1|0|pAttack|6.1
STATE|1|1|1|0|arable|true
STATE|1|1|1|0|totalHarvest|9.09
STATE|1|1|1|0|animalLoss|3.44
STATE|1|1|1|0|ownedBy|3
STATE|1|1|1|0|village|0
STATE|1|1|1|0|shared?|false
STATE|1|1|1|1|animalCount|[1 6 3 7 2 6 10 5 1 6 7 6 1 2 2 2 0 2 9 7]
STATE|1|1|1|1|forageCount|8.07
STATE|1|1|1|1|forageMass|1.46
STATE|1|1|1|1|fenced?|false
STATE|1|1|1|1|attacked?|false
STATE|1|1|1|1|cropped|false
STATE|1|1|1|1|totalLivestock|[5 2 8 8 2 0 0 10 1 8 2 6 3 3 0 4 3 4 8 3]
STATE|1|1|1|1|treeCount|7.64
STATE|1|1|1|1|grassMass|3.26
STATE|1|1|1|1|pAttack|5.44
STATE|1|1|1|1|arable|false
STATE|1|1|1|1|totalHarvest|0.61
STATE|1|1|1|1|animalLoss|7.4
STATE|1|1|1|1|ownedBy|2
STATE|1|1|1|1|village|3
STATE|1|1|1|1|shared?|false
STATE|1|1|1|2|animalCount|[8 6 8 2 8 2 8 8 0 7 2 9 0 2 2 2 7 9 1 8]
STATE|1|1|1|2|forageCount|0.62
STATE|1|1|1|2|forageMass|6.82
STATE|1|1|1|2|fenced?|false
STATE|1|1|1|2|attacked?|true
STATE|1|1|1|2|cropped|false
STATE|1|1|1|2|totalLivestock|[8 0 3 3 4 0 1 8 7 8 0 1 7 5 9 8 9 8 3 4]
STATE|1|1|1|2|treeCount|4.52
STATE|1|1|1|2|grassMass|5.33
STATE|1|1|1|2|pAttack|4.78
STATE|1|1|1|2|arable|false
STATE|1|1|1|2|totalHarvest|6.99
STATE|1|1|1|2|animalLoss|8.77
STATE|1|1|1|2|ownedBy|1
STATE|1|1|1|2|village|3
STATE|1|1|1|2|shared?|false
STATE|1|1|1|3|animalCount|[3 7 2 6 1 6 7 5 1 10 3 6 1 3 10 4 1 2 10 10]
STATE|1|1|1|3|forageCount|3.66
STATE|1|1|1|3|forageMass|2.53
STATE|1|1|1|3|fenced?|true
STATE|1|1|1|3|attacked?|true
STATE|1|1|1|3|cropped|false
STATE|1|1|1|3|totalLivestock|[1 6 7 2 10 3 2 6 8 6 5 6 3 5 5 1 5 0 5 8]
STATE|1|1|1|3|treeCount|4.59
STATE|1|1|1|3|grassMass|7.03
STATE|1|1|1|3|pAttack|3.84
STATE|1|1|1|3|arable|false
STATE|1|1|1|3|totalHarvest|2.95
STATE|1|1|1|3|animalLoss|9.61
STATE|1|1|1|3|ownedBy|0
STATE|1|1|1|3|village|0
STATE|1|1|1|3|shared?|false
STATE|1|1|2|0|animalCount|[1 1 4 4 0 2 4 2 6 10 4 6 2 8 8 9 7 5 1 4]
STATE|1|1|2|0|forageCount|0.58
STATE|1|1|2|0|forageMass|6.88
STATE|1|1|2|0|fenced?|true
STATE|1|1|2|0|attacked?|true
STATE|1|1|2|0|cropped|false
STATE|1|1|2|0|totalLivestock|[10 1 4 1 9 3 1 4 1 7 0 5 8 6 4 9 2 0 8 3]
STATE|1|1|2|0|treeCount|9.38
STATE|1|1|2|0|grassMass|9.69
STATE|1|1|2|0|pAttack|2.62
STATE|1|1|2|0|arable|true
STATE|1|1|2|0|totalHarvest|9.32
STATE|1|1|2|0|animalLoss|6.29
STATE|1|1|2|0|ownedBy|3
STATE|1|1|2|0|village|0
STATE|1|1|2|0|shared?|true
STATE|1|1|2|1|animalCount|[8 10 2 4 5 0 4 0 0 0 8 8 3 8 7 3 7 1 10 10]
STATE|1|1|2|1|forageCount|4.32
STATE|1|1|2|1|forageMass|4.95
STATE|1|1|2|1|fenced?|false
STATE|1|1|2|1|attacked?|true
STATE|1|1|2|1|cropped|false
STATE|1|1|2|1|totalLivestock|[3 3 5 3 10 2 6 5 0 2 0 1 10 4 6 2 0 1 10 6]
STATE|1|1|2|1|treeCount|8.71
STATE|1|1|2|1|grassMass|6.71
STATE|1|1|2|1|pAttack|2.82
STATE|1|1|2|1|arable|true
STATE|1|1|2|1|totalHarvest|2.93
STATE|1|1|2|1|animalLoss|4.59
STATE|1|1|2|1|ownedBy|0
STATE|1|1|2|1|village|1
STATE|1|1|2|1|shared?|true
STATE|1|1|2|2|animalCount|[4 5 5 8 5 3 0 4 3 5 2 0 5 6 1 7 4 8 10 3]
STATE|1|1|2|2|forageCount|2.48
STATE|1|1|2|2|forageMass|7.76
STATE|1|1|2|2|fenced?|true
STATE|1|1|2|2|attacked?|false
STATE|1|1|2|2|cropped|true
STATE|1|1|2|2|totalLivestock|[9 0 6 0 4 4 10 3 1 9 8 2 10 9 6 5 7 2 4 9]
STATE|1|1|2|2|treeCount|6.43
STATE|1|1|2|2|grassMass|0.44
STATE|1|1|2|2|pAttack|8.35
STATE|1|1|2|2|arable|false
STATE|1|1|2|2|totalHarvest|6.27
STATE|1|1|2|2|animalLoss|7.34
STATE|1|1|2|2|ownedBy|3
STATE|1|1|2|2|village|0
STATE|1|1|2|2|shared?|false
STATE|1|1|2|3|animalCount|[8 9 0 10 9 10 10 3 1 0 0 2 10 5 1 6 7 8 0 10]
STATE|1|1|2|3|forageCount|0.19
STATE|1|1|2|3|forageMass|5.31
STATE|1|1|2|3|fenced?|true
STATE|1|1|2|3|attacked?|true
STATE|1|1|2|3|cropped|true
STATE|1|1|2|3|totalLivestock|[1 8 8 1 10 8 1 7 4 1 4 3 3 3 10 7 7 6 1 7]
STATE|1|1|2|3|treeCount|9.1
STATE|1|1|2|3|grassMass|2.87
STATE|1|1|2|3|pAttack|0.47
STATE|1|1|2|3|arable|false
STATE|1|1|2|3|totalHarvest|1.98
STATE|1|1|2|3|animalLoss|6.0
STATE|1|1|2|3|ownedBy|1
STATE|1|1|2|3|village|1
STATE|1|1|2|3|shared?|false
STATE|1|1|3|0|animalCount|[4 9 9 2 0 7 0 7 4 10 1 3 10 7 4 8 4 7 7 7]
STATE|1|1|3|0|forageCount|7.67
STATE|1|1|3|0|forageMass|9.93
STATE|1|1|3|0|fenced?|false
STATE|1|1|3|0|attacked?|true
STATE|1|1|3|0|cropped|true
STATE|1|1|3|0|totalLivestock|[7 0 4 7 1 8 7 4 6 3 3 1 9 1 2 8 4 5 2 9]
STATE|1|1|3|0|treeCount|8.2
STATE|1|1|3|0|grassMass|5.09
STATE|1|1|3|0|pAttack|8.87
STATE|1|1|3|0|arable|false
STATE|1|1|3|0|totalHarvest|2.31
STATE|1|1|3|0|animalLoss|8.98
STATE|1|1|3|0|ownedBy|2
STATE|1|1|3|0|village|2
STATE|1|1|3|0|shared?|true
STATE|1|1|3|1|animalCount|[0 7 10 7 6 4 2 6 5 6 5 1 5 0 5 5 6 1 3 0]
STATE|1|1|3|1|forageCount|9.02
STATE|1|1|3|1|forageMass|2.9
STATE|1|1|3|1|fenced?|true
STATE|1|1|3|1|attacked?|true
STATE|1|1|3|1|cropped|false
STATE|1|1|3|1|totalLivestock|[9 1 5 6 4 0 4 1 0 10 4 10 2 3 4 6 8 5 3 5]
STATE|1|1|3|1|treeCount|7.85
STATE|1|1|3|1|grassMass|4.28
STATE|1|1|3|1|pAttack|0.29
STATE|1|1|3|1|arable|false
STATE|1|1|3|1|totalHarvest|4.0
STATE|1|1|3|1|animalLoss|8.76
STATE|1|1|3|1|ownedBy|3
STATE|1|1|3|1|village|3
STATE|1|1|3|1|shared?|true
STATE|1|1|3|2|animalCount|[1 0 6 7 9 2 10 4 7 0 8 2 2 7 6 5 4 4 4 10]
STATE|1|1|3|2|forageCount|2.6
STATE|1|1|3|2|forageMass|6.56
STATE|1|1|3|2|fenced?|true
STATE|1|1|3|2|attacked?|false
STATE|1|1|3|2|cropped|true
STATE|1|1|3|2|totalLivestock|[2 10 2 1 3 8 7 8 3 7 5 7 6 2 8 3 3 1 2 5]
STATE|1|1|3|2|treeCount|5.56
STATE|1|1|3|2|grassMass|3.19
STATE|1|1|3|2|pAttack|3.68
STATE|1|1|3|2|arable|false
STATE|1|1|3|2|totalHarvest|2.02
STATE|1|1|3|2|animalLoss|0.2
STATE|1|1|3|2|ownedBy|2
STATE|1|1|3|2|village|2
STATE|1|1|3|2|shared?|true
STATE|1|1|3|3|animalCount|[8 3 6 4 5 0 7 4 9 5 2 10 8 8 10 3 1 4 3 6]
STATE|1|1|3|3|forageCount|4.0
STATE|1|1|3|3|forageMass|4.46
STATE|1|1|3|3|fenced?|false
STATE|1|1|3|3|attacked?|false
STATE|1|1|3|3|cropped|false
STATE|1|1|3|3|totalLivestock|[0 2 0 6 7 9 7 0 1 6 8 7 7 3 1 3 2 2 8 10]
STATE|1|1|3|3|treeCount|1.09
STATE|1|1|3|3|grassMass|8.25
STATE|1|1|3|3|pAttack|7.01
STATE|1|1|3|3|arable|false
STATE|1|1|3|3|totalHarvest|8.95
STATE|1|1|3|3|animalLoss|0.85
STATE|1|1|3|3|ownedBy|0
STATE|1|1|3|3|village|0
STATE|1|1|3|3|shared?|false
CHOICE|1|1|1|0|2|3|12:00:15.000 PM 28-Sep-2026
CONFIRM|1|1|1|12:00:26.000 PM 28-Sep-2026
CHOICE|1|1|2|0|0|-99|12:00:35.000 PM 28-Sep-2026
CHOICE|1|1|2|1|3|1|12:00:36.000 PM 28-Sep-2026
CONFIRM|1|1|2|12:00:45.000 PM 28-Sep-2026
CHOICE|1|1|3|3|2|2|12:00:53.000 PM 28-Sep-2026
CHOICE|1|1|3|3|2|1|12:01:00.000 PM 28-Sep-2026
CONFIRM|1|1|3|12:01:12.000 PM 28-Sep-2026
CHOICE|1|1|4|2|0|-99|12:01:20.000 PM 28-Sep-2026
CHOICE|1|1|4|3|0|4|12:01:35.000 PM 28-Sep-2026
CHOICE|1|1|4|3|0|3|12:01:47.000 PM 28-Sep-2026
CONFIRM|1|1|4|12:01:54.000 PM 28-Sep-2026
CHOICE|1|1|5|3|1|-99|12:01:59.000 PM 28-Sep-2026
CHOICE|1|1|5|0|1|2|12:02:04.000 PM 28-Sep-2026
CONFIRM|1|1|5|12:02:17.000 PM 28-Sep-2026
CHOICE|1|1|6|1|3|3|12:02:19.000 PM 28-Sep-2026
CONFIRM|1|1|6|12:02:29.000 PM 28-Sep-2026
CHOICE|1|1|7|1|1|1|12:02:39.000 PM 28-Sep-2026
CHOICE|1|1|7|1|1|2|12:02:40.000 PM 28-Sep-2026
CONFIRM|1|1|7|12:02:50.000 PM 28-Sep-2026
CHOICE|1|1|8|3|0|2|12:02:57.000 PM 28-Sep-2026
CONFIRM|1|1|8|12:03:05.000 PM 28-Sep-2026
CHOICE|1|1|9|2|0|2|12:03:11.000 PM 28-Sep-2026
CHOICE|1|1|9|2|0|4|12:03:12.000 PM 28-Sep-2026
CHOICE|1|1|9|2|0|3|12:03:18.000 PM 28-Sep-2026
CONFIRM|1|1|9|12:03:26.000 PM 28-Sep-2026
CHOICE|1|1|10|0|0|-99|12:03:28.000 PM 28-Sep-2026
CONFIRM|1|1|10|12:03:34.000 PM 28-Sep-2026
CHOICE|1|1|11|0|1|3|12:03:48.000 PM 28-Sep-2026
CHOICE|1|1|11|0|0|2|12:03:54.000 PM 28-Sep-2026
CONFIRM|1|1|11|12:04:03.000 PM 28-Sep-2026
CHOICE|1|1|12|1|2|4|12:04:04.000 PM 28-Sep-2026
CHOICE|1|1|12|1|2|4|12:04:05.000 PM 28-Sep-2026
CONFIRM|1|1|12|12:04:12.000 PM 28-Sep-2026
CHOICE|1|1|13|3|0|1|12:04:17.000 PM 28-Sep-2026
CONFIRM|1|1|13|12:04:21.000 PM 28-Sep-2026
CHOICE|1|1|14|0|2|3|12:04:31.000 PM 28-Sep-2026
CHOICE|1|1|14|0|2|3|12:04:46.000 PM 28-Sep-2026
CHOICE|1|1|14|0|2|-99|12:04:59.000 PM 28-Sep-2026
CONFIRM|1|1|14|12:05:09.000 PM 28-Sep-2026
CHOICE|1|1|15|0|0|1|12:05:17.000 PM 28-Sep-2026
CHOICE|1|1|15|3|3|4|12:05:31.000 PM 28-Sep-2026
CHOICE|1|1|15|3|3|2|12:05:32.000 PM 28-Sep-2026
CONFIRM|1|1|15|12:05:45.000 PM 28-Sep-2026
CHOICE|1|1|16|2|1|3|12:05:59.000 PM 28-Sep-2026
CHOICE|1|1|16|2|1|1|12:06:08.000 PM 28-Sep-2026
CHOICE|1|1|16|2|1|2|12:06:15.000 PM 28-Sep-2026
CONFIRM|1|1|16|12:06:17.000 PM 28-Sep-2026
CHOICE|1|1|17|0|3|3|12:06:20.000 PM 28-Sep-2026
CHOICE|1|1|17|0|0|1|12:06:24.000 PM 28-Sep-2026
CHOICE|1|1|17|0|0|4|12:06:27.000 PM 28-Sep-2026
CONFIRM|1|1|17|12:06:31.000 PM 28-Sep-2026
CHOICE|1|1|18|3|3|2|12:06:43.000 PM 28-Sep-2026
CONFIRM|1|1|18|12:06:52.000 PM 28-Sep-2026
CHOICE|1|1|19|0|2|3|12:06:58.000 PM 28-Sep-2026
CHOICE|1|1|19|0|2|4|12:07:02.000 PM 28-Sep-2026
CHOICE|1|1|19|0|2|3|12:07:17.000 PM 28-Sep-2026
CONFIRM|1|1|19|12:07:32.000 PM 28-Sep-2026
CHOICE|1|1|20|1|2|-99|12:07:37.000 PM 28-Sep-2026
CHOICE|1|1|20|1|0|1|12:07:39.000 PM 28-Sep-2026
CHOICE|1|1|20|1|0|2|12:07:53.000 PM 28-Sep-2026
CONFIRM|1|1|20|12:08:01.000 PM 28-Sep-2026
SCORE|1|1|1|11|13|9
SCORE|1|1|2|7|14|1
SCORE|1|1|3|6|44|18
SCORE|1|1|4|6|10|11
SCORE|1|1|5|16|27|14
SCORE|1|1|6|19|35|0
SCORE|1|1|7|3|43|19
SCORE|1|1|8|19|41|6
SCORE|1|1|9|1|24|10
SCORE|1|1|10|4|6|6
SCORE|1|1|11|8|10|19
SCORE|1|1|12|20|33|0
SCORE|1|1|13|10|36|11
SCORE|1|1|14|5|44|9
SCORE|1|1|15|2|15|1
SCORE|1|1|16|15|50|15
SCORE|1|1|17|2|28|3
SCORE|1|1|18|12|54|17
SCORE|1|1|19|4|44|17
SCORE|1|1|20|2|43|5
PHASE|phase-1-2|12:08:08.000 PM 28-Sep-2026
STATE|1|2|0|0|animalCount|[4 6 4 10 4 6 0 4 9 5 6 6 0 5 10 3 6 6 3 0]
STATE|1|2|0|0|forageCount|4.34
STATE|1|2|0|0|forageMass|1.57
STATE|1|2|0|0|fenced?|true
STATE|1|2|0|0|attacked?|true
STATE|1|2|0|0|cropped|false
STATE|1|2|0|0|totalLivestock|[5 7 2 2 0 0 8 2 10 6 1 9 9 5 8 2 2 5 4 2]
STATE|1|2|0|0|treeCount|5.21
STATE|1|2|0|0|grassMass|9.25
STATE|1|2|0|0|pAttack|1.09
STATE|1|2|0|0|arable|true
STATE|1|2|0|0|totalHarvest|8.05
STATE|1|2|0|0|animalLoss|9.67
STATE|1|2|0|0|ownedBy|0
STATE|1|2|0|0|village|1
STATE|1|2|0|0|shared?|true
STATE|1|2|0|1|animalCount|[0 7 5 0 9 10 6 1 9 2 10 3 9 6 9 3 7 2 9 3]
STATE|1|2|0|1|forageCount|0.42
STATE|1|2|0|1|forageMass|9.39
STATE|1|2|0|1|fenced?|true
STATE|1|2|0|1|attacked?|true
STATE|1|2|0|1|cropped|true
STATE|1|2|0|1|totalLivestock|[3 0 8 10 0 10 5 1 6 9 7 8 10 4 10 6 4 9 3 6]
STATE|1|2|0|1|treeCount|3.89
STATE|1|2|0|1|grassMass|3.67
STATE|1|2|0|1|pAttack|5.04
STATE|1|2|0|1|arable|true
STATE|1|2|0|1|totalHarvest|0.04
STATE|1|2|0|1|animalLoss|9.86
STATE|1|2|0|1|ownedBy|2
STATE|1|2|0|1|village|0
STATE|1|2|0|1|shared?|true
STATE|1|2|0|2|animalCount|[9 7 2 7 6 1 1 2 5 6 5 1 7 8 8 10 0 0 10 2]
STATE|1|2|0|2|forageCount|0.82
STATE|1|2|0|2|forageMass|7.33
STATE|1|2|0|2|fenced?|false
STATE|1|2|0|2|attacked?|false
STATE|1|2|0|2|cropped|true
STATE|1|2|0|2|totalLivestock|[8 6 10 2 0 1 9 1 3 2 7 4 2 10 3 1 5 9 4 2]
STATE|1|2|0|2|treeCount|3.24
STATE|1|2|0|2|grassMass|6.14
STATE|1|2|0|2|pAttack|9.05
STATE|1|2|0|2|arable|true
STATE|1|2|0|2|totalHarvest|2.54
STATE|1|2|0|2|animalLoss|9.64
STATE|1|2|0|2|ownedBy|2
STATE|1|2|0|2|village|0
STATE|1|2|0|2|shared?|false
STATE|1|2|0|3|animalCount|[9 8 3 5 5 0 3 2 6 2 10 4 10 5 6 2 4 1 8 0]
STATE|1|2|0|3|forageCount|6.36
STATE|1|2|0|3|forageMass|3.6
STATE|1|2|0|3|fenced?|false
STATE|1|2|0|3|attacked?|false
STATE|1|2|0|3|cropped|false
STATE|1|2|0|3|totalLivestock|[1 4 8 10 6 5 4 6 5 9 2 5 5 1 7 3 2 9 0 4]
STATE|1|2|0|3|treeCount|8.2
STATE|1|2|0|3|grassMass|2.54
STATE|1|2|0|3|pAttack|6.39
STATE|1|2|0|3|arable|false
STATE|1|2|0|3|totalHarvest|5.86
STATE|1|2|0|3|animalLoss|6.64
STATE|1|2|0|3|ownedBy|1
STATE|1|2|0|3|village|3
STATE|1|2|0|3|shared?|true
STATE|1|2|1|0|animalCount|[0 3 2 4 9 10 6 6 8 5 0 2 7 3 9 10 0 0 0 0]
STATE|1|2|1|0|forageCount|5.67
STATE|1|2|1|0|forageMass|3.04
STATE|1|2|1|0|fenced?|false
STATE|1|2|1|0|attacked?|false
STATE|1|2|1|0|cropped|true
STATE|1|2|1|0|totalLivestock|[4 9 2 3 5 9 7 2 2 0 3 2 7 1 1 10 2 10 4 6]
STATE|1|2|1|0|treeCount|8.12
STATE|1|2|1|0|grassMass|9.67
STATE|1|2|1|0|pAttack|0.56
STATE|1|2|1|0|arable|false
STATE|1|2|1|0|totalHarvest|8.93
STATE|1|2|1|0|animalLoss|5.95
STATE|1|2|1|0|ownedBy|3
STATE|1|2|1|0|village|2
STATE|1|2|1|0|shared?|false
STATE|1|2|1|1|animalCount|[8 7 3 2 0 0 0 8 0 6 2 3 2 0 1 0 9 8 10 3]
STATE|1|2|1|1|forageCount|1.42
STATE|1|2|1|1|forageMass|2.0
STATE|1|2|1|1|fenced?|false
STATE|1|2|1|1|attacked?|false
STATE|1|2|1|1|cropped|false
STATE|1|2|1|1|totalLivestock|[9 2 8 4 1 4 10 0 7 8 0 6 6 7 1 10 7 2 3 1]
STATE|1|2|1|1|treeCount|2.61
STATE|1|2|1|1|grassMass|6.44
STATE|1|2|1|1|pAttack|1.23
STATE|1|2|1|1|arable|false
STATE|1|2|1|1|totalHarvest|9.25
STATE|1|2|1|1|animalLoss|9.43
STATE|1|2|1|1|ownedBy|1
STATE|1|2|1|1|village|3
STATE|1|2|1|1|shared?|true
STATE|1|2|1|2|animalCount|[10 8 10 6 10 8 4 4 10 3 1 8 0 2 4 3 3 2 5 3]
STATE|1|2|1|2|forageCount|8.8
STATE|1|2|1|2|forageMass|3.29
STATE|1|2|1|2|fenced?|true
STATE|1|2|1|2|attacked?|false
STATE|1|2|1|2|cropped|false
STATE|1|2|1|2|totalLivestock|[10 8 7 7 8 0 0 6 3 9 4 3 6 9 9 1 9 2 2 0]
STATE|1|2|1|2|treeCount|0.27
STATE|1|2|1|2|grassMass|1.07
STATE|1|2|1|2|pAttack|9.29
STATE|1|2|1|2|arable|true
STATE|1|2|1|2|totalHarvest|1.42
STATE|1|2|1|2|animalLoss|0.29
STATE|1|2|1|2|ownedBy|0
STATE|1|2|1|2|village|0
STATE|1|2|1|2|shared?|false
STATE|1|2|1|3|animalCount|[10 0 1 0 1 9 5 3 8 10 1 6 1 3 3 3 1 0 0 10]
STATE|1|2|1|3|forageCount|0.87
STATE|1|2|1|3|forageMass|7.51
STATE|1|2|1|3|fenced?|false
STATE|1|2|1|3|attacked?|true
STATE|1|2|1|3|cropped|true
STATE|1|2|1|3|totalLivestock|[10 3 4 5 5 6 4 0 5 4 4 0 5 5 9 8 7 4 9 0]
STATE|1|2|1|3|treeCount|7.89
STATE|1|2|1|3|grassMass|0.31
STATE|1|2|1|3|pAttack|5.19
STATE|1|2|1|3|arable|true
STATE|1|2|1|3|totalHarvest|4.69
STATE|1|2|1|3|animalLoss|0.48
STATE|1|2|1|3|ownedBy|3
STATE|1|2|1|3|village|0
STATE|1|2|1|3|shared?|false
STATE|1|2|2|0|animalCount|[1 9 4 2 6 0 8 3 4 0 0 5 7 1 7 2 7 9 5 8]
STATE|1|2|2|0|forageCount|2.61
STATE|1|2|2|0|forageMass|9.44
STATE|1|2|2|0|fenced?|true
STATE|1|2|2|0|attacked?|true
STATE|1|2|2|0|cropped|false
STATE|1|2|2|0|totalLivestock|[7 2 1 10 1 7 8 1 10 5 5 1 6 6 1 6 10 0 5 3]
STATE|1|2|2|0|treeCount|3.03
STATE|1|2|2|0|grassMass|4.28
STATE|1|2|2|0|pAttack|5.45
STATE|1|2|2|0|arable|true
STATE|1|2|2|0|totalHarvest|9.82
STATE|1|2|2|0|animalLoss|6.31
STATE|1|2|2|0|ownedBy|2
STATE|1|2|2|0|village|0
STATE|1|2|2|0|shared?|false
STATE|1|2|2|1|animalCount|[9 10 0 5 9 5 8 2 7 10 8 5 2 7 7 4 9 3 2 5]
STATE|1|2|2|1|forageCount|4.62
STATE|1|2|2|1|forageMass|8.85
STATE|1|2|2|1|fenced?|true
STATE|1|2|2|1|attacked?|true
STATE|1|2|2|1|cropped|true
STATE|1|2|2|1|totalLivestock|[9 2 2 3 5 9 8 5 2 3 5 3 4 1 2 10 1 3 6 2]
STATE|1|2|2|1|treeCount|9.84
STATE|1|2|2|1|grassMass|7.95
STATE|1|2|2|1|pAttack|7.33
STATE|1|2|2|1|arable|true
STATE|1|2|2|1|totalHarvest|1.96
STATE|1|2|2|1|animalLoss|6.38
STATE|1|2|2|1|ownedBy|0
STATE|1|2|2|1|village|1
STATE|1|2|2|1|shared?|true
STATE|1|2|2|2|animalCount|[6 7 0 0 6 6 3 8 10 4 7 0 2 4 9 6 0 3 6 9]
STATE|1|2|2|2|forageCount|5.87
STATE|1|2|2|2|forageMass|6.47
STATE|1|2|2|2|fenced?|false
STATE|1|2|2|2|attacked?|false
STATE|1|2|2|2|cropped|false
STATE|1|2|2|2|totalLivestock|[10 9 3 10 2 10 1 7 6 5 4 10 1 6 3 6 10 2 4 6]
STATE|1|2|2|2|treeCount|4.83
STATE|1|2|2|2|grassMass|0.2
STATE|1|2|2|2|pAttack|8.59
STATE|1|2|2|2|arable|false
STATE|1|2|2|2|totalHarvest|6.61
STATE|1|2|2|2|animalLoss|8.73
STATE|1|2|2|2|ownedBy|3
STATE|1|2|2|2|village|1
STATE|1|2|2|2|shared?|false
STATE|1|2|2|3|animalCount|[6 7 1 0 4 8 3 2 3 8 5 1 9 7 8 3 7 8 0 10]
STATE|1|2|2|3|forageCount|7.93
STATE|1|2|2|3|forageMass|3.7
STATE|1|2|2|3|fenced?|true
STATE|1|2|2|3|attacked?|false
STATE|1|2|2|3|cropped|true
STATE|1|2|2|3|totalLivestock|[10 2 6 8 1 9 5 10 0 4 4 6 6 0 0 1 6 6 10 10]
STATE|1|2|2|3|treeCount|3.52
STATE|1|2|2|3|grassMass|2.65
STATE|1|2|2|3|pAttack|2.24
STATE|1|2|2|3|arable|false
STATE|1|2|2|3|totalHarvest|9.4
STATE|1|2|2|3|animalLoss|5.27
STATE|1|2|2|3|ownedBy|0
STATE|1|2|2|3|village|2
STATE|1|2|2|3|shared?|true
STATE|1|2|3|0|animalCount|[2 2 1 10 3 7 10 8 3 2 5 10 10 6 7 4 8 10 2 7]
STATE|1|2|3|0|forageCount|3.55
STATE|1|2|3|0|forageMass|8.51
STATE|1|2|3|0|fenced?|true
STATE|1|2|3|0|attacked?|true
STATE|1|2|3|0|cropped|true
STATE|1|2|3|0|totalLivestock|[6 10 2 7 0 4 5 3 10 4 5 7 7 6 9 10 1 10 5 2]
STATE|1|2|3|0|treeCount|9.29
STATE|1|2|3|0|grassMass|8.54
STATE|1|2|3|0|pAttack|0.57
STATE|1|2|3|0|arable|false
STATE|1|2|3|0|totalHarvest|9.06
STATE|1|2|3|0|animalLoss|7.84
STATE|1|2|3|0|ownedBy|0
STATE|1|2|3|0|village|3
STATE|1|2|3|0|shared?|false
STATE|1|2|3|1|animalCount|[10 9 0 10 0 3 1 10 4 4 9 1 9 2 3 2 7 5 2 3]
STATE|1|2|3|1|forageCount|9.04
STATE|1|2|3|1|forageMass|7.92
STATE|1|2|3|1|fenced?|true
STATE|1|2|3|1|attacked?|false
STATE|1|2|3|1|cropped|false
STATE|1|2|3|1|totalLivestock|[1 10 8 10 4 3 7 3 8 1 7 10 1 8 1 4 6 3 2 7]
STATE|1|2|3|1|treeCount|4.93
STATE|1|2|3|1|grassMass|0.58
STATE|1|2|3|1|pAttack|4.67
STATE|1|2|3|1|arable|true
STATE|1|2|3|1|totalHarvest|4.91
STATE|1|2|3|1|animalLoss|4.98
STATE|1|2|3|1|ownedBy|3
STATE|1|2|3|1|village|3
STATE|1|2|3|1|shared?|false
STATE|1|2|3|2|animalCount|[0 2 5 7 9 7 10 4 7 5 6 6 10 1 2 10 5 10 10 0]
STATE|1|2|3|2|forageCount|0.21
STATE|1|2|3|2|forageMass|0.46
STATE|1|2|3|2|fenced?|false
STATE|1|2|3|2|attacked?|false
STATE|1|2|3|2|cropped|false
STATE|1|2|3|2|totalLivestock|[1 8 7 7 2 0 3 6 10 2 5 1 10 5 5 7 8 8 3 4]
STATE|1|2|3|2|treeCount|4.35
STATE|1|2|3|2|grassMass|4.22
STATE|1|2|3|2|pAttack|5.54
STATE|1|2|3|2|arable|false
STATE|1|2|3|2|totalHarvest|2.93
STATE|1|2|3|2|animalLoss|8.28
STATE|1|2|3|2|ownedBy|2
STATE|1|2|3|2|village|1
STATE|1|2|3|2|shared?|false
STATE|1|2|3|3|animalCount|[4 8 5 3 10 7 1 5 3 5 4 2 9 10 1 0 6 8 6 8]
STATE|1|2|3|3|forageCount|5.74
STATE|1|2|3|3|forageMass|3.98
STATE|1|2|3|3|fenced?|true
STATE|1|2|3|3|attacked?|true
STATE|1|2|3|3|cropped|false
STATE|1|2|3|3|totalLivestock|[7 9 10 0 8 8 9 6 9 2 10 10 9 10 1 3 0 10 10 7]
STATE|1|2|3|3|treeCount|6.25
STATE|1|2|3|3|grassMass|1.74
STATE|1|2|3|3|pAttack|6.64
STATE|1|2|3|3|arable|false
STATE|1|2|3|3|totalHarvest|4.22
STATE|1|2|3|3|animalLoss|1.01
STATE|1|2|3|3|ownedBy|3
STATE|1|2|3|3|village|0
STATE|1|2|3|3|shared?|true
CHOICE|1|2|1|2|2|2|12:08:15.000 PM 28-Sep-2026
CONFIRM|1|2|1|12:08:16.000 PM 28-Sep-2026
CHOICE|1|2|2|0|3|1|12:08:24.000 PM 28-Sep-2026
CHOICE|1|2|2|0|3|-99|12:08:26.000 PM 28-Sep-2026
CONFIRM|1|2|2|12:08:39.000 PM 28-Sep-2026
CHOICE|1|2|3|3|3|-99|12:08:50.000 PM 28-Sep-2026
CHOICE|1|2|3|3|3|2|12:08:58.000 PM 28-Sep-2026
CONFIRM|1|2|3|12:09:11.000 PM 28-Sep-2026
CHOICE|1|2|4|0|0|2|12:09:26.000 PM 28-Sep-2026
CHOICE|1|2|4|0|0|-99|12:09:27.000 PM 28-Sep-2026
CONFIRM|1|2|4|12:09:28.000 PM 28-Sep-2026
CHOICE|1|2|5|0|0|1|12:09:31.000 PM 28-Sep-2026
CHOICE|1|2|5|0|0|2|12:09:39.000 PM 28-Sep-2026
CHOICE|1|2|5|1|0|2|12:09:51.000 PM 28-Sep-2026
CONFIRM|1|2|5|12:10:04.000 PM 28-Sep-2026
CHOICE|1|2|6|2|3|3|12:10:19.000 PM 28-Sep-2026
CONFIRM|1|2|6|12:10:20.000 PM 28-Sep-2026
CHOICE|1|2|7|0|0|-99|12:10:35.000 PM 28-Sep-2026
CHOICE|1|2|7|0|0|1|12:10:42.000 PM 28-Sep-2026
CHOICE|1|2|7|0|0|2|12:10:56.000 PM 28-Sep-2026
CONFIRM|1|2|7|12:11:10.000 PM 28-Sep-2026
CHOICE|1|2|8|0|2|4|12:11:18.000 PM 28-Sep-2026
CHOICE|1|2|8|0|2|1|12:11:24.000 PM 28-Sep-2026
CONFIRM|1|2|8|12:11:35.000 PM 28-Sep-2026
CHOICE|1|2|9|3|3|4|12:11:40.000 PM 28-Sep-2026
CONFIRM|1|2|9|12:11:53.000 PM 28-Sep-2026
CHOICE|1|2|10|2|2|3|12:12:07.000 PM 28-Sep-2026
CHOICE|1|2|10|2|2|2|12:12:17.000 PM 28-Sep-2026
CHOICE|1|2|10|3|1|4|12:12:27.000 PM 28-Sep-2026
CONFIRM|1|2|10|12:12:40.000 PM 28-Sep-2026
CHOICE|1|2|11|3|2|3|12:12:45.000 PM 28-Sep-2026
CONFIRM|1|2|11|12:12:50.000 PM 28-Sep-2026
CHOICE|1|2|12|1|0|2|12:13:03.000 PM 28-Sep-2026
CHOICE|1|2|12|1|2|4|12:13:09.000 PM 28-Sep-2026
CONFIRM|1|2|12|12:13:18.000 PM 28-Sep-2026
CHOICE|1|2|13|3|3|2|12:13:23.000 PM 28-Sep-2026
CONFIRM|1|2|13|12:13:33.000 PM 28-Sep-2026
CHOICE|1|2|14|3|3|3|12:13:43.000 PM 28-Sep-2026
CONFIRM|1|2|14|12:13:56.000 PM 28-Sep-2026
CHOICE|1|2|15|3|3|3|12:14:09.000 PM 28-Sep-2026
CONFIRM|1|2|15|12:14:11.000 PM 28-Sep-2026
CHOICE|1|2|16|3|2|3|12:14:19.000 PM 28-Sep-2026
CONFIRM|1|2|16|12:14:28.000 PM 28-Sep-2026
CHOICE|1|2|17|1|1|1|12:14:31.000 PM 28-Sep-2026
CHOICE|1|2|17|2|2|3|12:14:38.000 PM 28-Sep-2026
CHOICE|1|2|17|1|1|-99|12:14:46.000 PM 28-Sep-2026
CONFIRM|1|2|17|12:14:52.000 PM 28-Sep-2026
CHOICE|1|2|18|2|3|2|12:14:58.000 PM 28-Sep-2026
CONFIRM|1|2|18|12:15:08.000 PM 28-Sep-2026
CHOICE|1|2|19|2|2|1|12:15:10.000 PM 28-Sep-2026
CONFIRM|1|2|19|12:15:11.000 PM 28-Sep-2026
CHOICE|1|2|20|3|1|3|12:15:18.000 PM 28-Sep-2026
CONFIRM|1|2|20|12:15:20.000 PM 28-Sep-2026
SCORE|1|2|1|14|63|18
SCORE|1|2|2|19|27|8
SCORE|1|2|3|1|22|6
SCORE|1|2|4|5|29|2
SCORE|1|2|5|0|3|1
SCORE|1|2|6|17|40|14
SCORE|1|2|7|15|19|19
SCORE|1|2|8|20|45|3
SCORE|1|2|9|2|18|10
SCORE|1|2|10|18|32|20
SCORE|1|2|11|2|44|16
SCORE|1|2|12|12|23|14
SCORE|1|2|13|5|28|7
SCORE|1|2|14|7|18|1
SCORE|1|2|15|8|30|1
SCORE|1|2|16|17|18|1
SCORE|1|2|17|8|58|16
SCORE|1|2|18|20|68|15
SCORE|1|2|19|1|7|4
SCORE|1|2|20|10|58|0
PHASE|phase-2-1|12:15:24.000 PM 28-Sep-2026
STATE|2|1|0|0|animalCount|[10 4 9 9 7 10 1 7 5 5 4 6 1 5 7 6 2 7 3 2]
STATE|2|1|0|0|forageCount|9.14
STATE|2|1|0|0|forageMass|8.92
STATE|2|1|0|0|fenced?|true
STATE|2|1|0|0|attacked?|false
STATE|2|1|0|0|cropped|false
STATE|2|1|0|0|totalLivestock|[2 3 1 9 5 2 7 1 6 0 10 1 7 5 5 3 7 1 10 5]
STATE|2|1|0|0|treeCount|1.43
STATE|2|1|0|0|grassMass|2.22
STATE|2|1|0|0|pAttack|0.57
STATE|2|1|0|0|arable|false
STATE|2|1|0|0|totalHarvest|5.53
STATE|2|1|0|0|animalLoss|1.45
STATE|2|1|0|0|ownedBy|0
STATE|2|1|0|0|village|1
STATE|2|1|0|0|shared?|true
STATE|2|1|0|1|animalCount|[3 2 0 4 9 4 5 2 4 7 1 5 7 7 1 2 8 0 10 10]
STATE|2|1|0|1|forageCount|9.25
STATE|2|1|0|1|forageMass|5.6
STATE|2|1|0|1|fenced?|false
STATE|2|1|0|1|attacked?|true
STATE|2|1|0|1|cropped|false
STATE|2|1|0|1|totalLivestock|[5 6 4 3 3 1 6 4 6 2 0 4 2 10 0 7 8 5 8 2]
STATE|2|1|0|1|treeCount|4.43
STATE|2|1|0|1|grassMass|7.9
STATE|2|1|0|1|pAttack|9.44
STATE|2|1|0|1|arable|true
STATE|2|1|0|1|totalHarvest|3.6
STATE|2|1|0|1|animalLoss|0.41
STATE|2|1|0|1|ownedBy|2
STATE|2|1|0|1|village|0
STATE|2|1|0|1|shared?|true
STATE|2|1|0|2|animalCount|[2 2 2 8 3 2 3 9 1 1 9 7 4 2 3 2 9 10 10 3]
STATE|2|1|0|2|forageCount|5.83
STATE|2|1|0|2|forageMass|2.02
STATE|2|1|0|2|fenced?|true
STATE|2|1|0|2|attacked?|false
STATE|2|1|0|2|cropped|true
STATE|2|1|0|2|totalLivestock|[0 8 5 5 4 10 7 1 0 6 7 2 10 4 3 2 9 5 0 2]
STATE|2|1|0|2|treeCount|7.02
STATE|2|1|0|2|grassMass|5.75
STATE|2|1|0|2|pAttack|8.58
STATE|2|1|0|2|arable|true
STATE|2|1|0|2|totalHarvest|9.32
STATE|2|1|0|2|animalLoss|9.69
STATE|2|1|0|2|ownedBy|0
STATE|2|1|0|2|village|0
STATE|2|1|0|2|shared?|true
STATE|2|1|0|3|animalCount|[3 5 6 9 0 4 1 7 7 8 0 8 8 2 0 3 1 3 9 2]
STATE|2|1|0|3|forageCount|1.68
STATE|2|1|0|3|forageMass|3.12
STATE|2|1|0|3|fenced?|false
STATE|2|1|0|3|attacked?|false
STATE|2|1|0|3|cropped|true
STATE|2|1|0|3|totalLivestock|[3 4 0 9 10 9 7 8 3 7 1 5 1 2 0 4 1 7 7 9]
STATE|2|1|0|3|treeCount|5.01
STATE|2|1|0|3|grassMass|2.8
STATE|2|1|0|3|pAttack|1.22
STATE|2|1|0|3|arable|true
STATE|2|1|0|3|totalHarvest|1.37
STATE|2|1|0|3|animalLoss|5.92
STATE|2|1|0|3|ownedBy|0
STATE|2|1|0|3|village|0
STATE|2|1|0|3|shared?|false
STATE|2|1|1|0|animalCount|[7 6 2 0 10 6 6 9 9 8 0 6 0 5 5 6 3 5 6 9]
STATE|2|1|1|0|forageCount|8.04
STATE|2|1|1|0|forageMass|9.13
STATE|2|1|1|0|fenced?|false
STATE|2|1|1|0|attacked?|false
STATE|2|1|1|0|cropped|true
STATE|2|1|1|0|totalLivestock|[8 2 10 5 3 6 10 10 0 5 1 8 2 1 5 6 3 8 10 0]
STATE|2|1|1|0|treeCount|2.25
STATE|2|1|1|0|grassMass|4.21
STATE|2|1|1|0|pAttack|3.97
STATE|2|1|1|0|arable|false
STATE|2|1|1|0|totalHarvest|4.54
STATE|2|1|1|0|animalLoss|0.47
STATE|2|1|1|0|ownedBy|0
STATE|2|1|1|0|village|0
STATE|2|1|1|0|shared?|false
STATE|2|1|1|1|animalCount|[9 4 10 9 4 10 8 0 9 1 4 1 8 0 6 3 0 4 1 4]
STATE|2|1|1|1|forageCount|3.48
STATE|2|1|1|1|forageMass|1.67
STATE|2|1|1|1|fenced?|true
STATE|2|1|1|1|attacked?|false
STATE|2|1|1|1|cropped|false
STATE|2|1|1|1|totalLivestock|[4 1 7 9 8 2 7 1 8 2 4 6 9 4 4 3 1 8 4 7]
STATE|2|1|1|1|treeCount|6.1
STATE|2|1|1|1|grassMass|5.7
STATE|2|1|1|1|pAttack|6.5
STATE|2|1|1|1|arable|true
STATE|2|1|1|1|totalHarvest|7.1
STATE|2|1|1|1|animalLoss|4.61
STATE|2|1|1|1|ownedBy|3
STATE|2|1|1|1|village|1
STATE|2|1|1|1|shared?|false
STATE|2|1|1|2|animalCount|[7 4 0 3 5 3 3 8 8 6 9 6 0 5 2 3 5 8 5 7]
STATE|2|1|1|2|forageCount|2.7
STATE|2|1|1|2|forageMass|8.78
STATE|2|1|1|2|fenced?|true
STATE|2|1|1|2|attacked?|true
STATE|2|1|1|2|cropped|true
STATE|2|1|1|2|totalLivestock|[8 1 9 5 7 10 0 8 6 7 5 1 8 3 10 2 6 5 10 5]
STATE|2|1|1|2|treeCount|1.4
STATE|2|1|1|2|grassMass|2.02
STATE|2|1|1|2|pAttack|6.11
STATE|2|1|1|2|arable|true
STATE|2|1|1|2|totalHarvest|8.39
STATE|2|1|1|2|animalLoss|0.95
STATE|2|1|1|2|ownedBy|3
STATE|2|1|1|2|village|2
STATE|2|1|1|2|shared?|true
STATE|2|1|1|3|animalCount|[10 10 2 6 1 0 6 8 9 1 7 6 9 2 6 4 9 9 1 6]
STATE|2|1|1|3|forageCount|8.52
STATE|2|1|1|3|forageMass|6.93
STATE|2|1|1|3|fenced?|true
STATE|2|1|1|3|attacked?|true
STATE|2|1|1|3|cropped|true
STATE|2|1|1|3|totalLivestock|[8 8 9 6 10 5 0 7 6 7 4 2 8 4 2 6 9 6 9 3]
STATE|2|1|1|3|treeCount|0.88
STATE|2|1|1|3|grassMass|9.2
STATE|2|1|1|3|pAttack|3.24
STATE|2|1|1|3|arable|false
STATE|2|1|1|3|totalHarvest|8.38
STATE|2|1|1|3|animalLoss|9.59
STATE|2|1|1|3|ownedBy|0
STATE|2|1|1|3|village|2
STATE|2|1|1|3|shared?|false
STATE|2|1|2|0|animalCount|[0 0 0 4 9 7 4 8 4 8 9 6 8 8 10 6 6 7 5 0]
STATE|2|1|2|0|forageCount|5.95
STATE|2|1|2|0|forageMass|3.51
STATE|2|1|2|0|fenced?|false
STATE|2|1|2|0|attacked?|false
STATE|2|1|2|0|cropped|false
STATE|2|1|2|0|totalLivestock|[1 6 5 8 6 10 8 9 2 3 6 7 6 7 9 9 5 8 1 2]
STATE|2|1|2|0|treeCount|3.63
STATE|2|1|2|0|grassMass|3.67
STATE|2|1|2|0|pAttack|0.75
STATE|2|1|2|0|arable|true
STATE|2|1|2|0|totalHarvest|1.76
STATE|2|1|2|0|animalLoss|6.56
STATE|2|1|2|0|ownedBy|1
STATE|2|1|2|0|village|3
STATE|2|1|2|0|shared?|true
STATE|2|1|2|1|animalCount|[8 6 10 2 8 4 8 3 8 3 6 2 0 10 9 9 1 5 9 10]
STATE|2|1|2|1|forageCount|6.37
STATE|2|1|2|1|forageMass|0.42
STATE|2|1|2|1|fenced?|true
STATE|2|1|2|1|attacked?|false
STATE|2|1|2|1|cropped|true
STATE|2|1|2|1|totalLivestock|[8 0 4 6 1 9 0 10 0 3 2 7 8 9 4 10 8 8 2 9]
STATE|2|1|2|1|treeCount|1.99
STATE|2|1|2|1|grassMass|6.02
STATE|2|1|2|1|pAttack|1.45
STATE|2|1|2|1|arable|false
STATE|2|1|2|1|totalHarvest|5.09
STATE|2|1|2|1|animalLoss|0.29
STATE|2|1|2|1|ownedBy|0
STATE|2|1|2|1|village|0
STATE|2|1|2|1|shared?|false
STATE|2|1|2|2|animalCount|[7 7 9 6 0 10 0 10 9 5 2 3 5 4 2 0 4 10 1 9]
STATE|2|1|2|2|forageCount|0.63
STATE|2|1|2|2|forageMass|1.92
STATE|2|1|2|2|fenced?|false
STATE|2|1|2|2|attacked?|true
STATE|2|1|2|2|cropped|true
STATE|2|1|2|2|totalLivestock|[6 9 0 7 0 9 3 3 3 0 2 9 2 5 0 7 4 6 9 4]
STATE|2|1|2|2|treeCount|9.6
STATE|2|1|2|2|grassMass|4.96
STATE|2|1|2|2|pAttack|9.5
STATE|2|1|2|2|arable|true
STATE|2|1|2|2|totalHarvest|3.9
STATE|2|1|2|2|animalLoss|7.18
STATE|2|1|2|2|ownedBy|0
STATE|2|1|2|2|village|2
STATE|2|1|2|2|shared?|true
STATE|2|1|2|3|animalCount|[7 0 3 1 2 2 5 6 2 0 4 6 8 5 1 5 8 6 5 6]
STATE|2|1|2|3|forageCount|6.51
STATE|2|1|2|3|forageMass|9.61
STATE|2|1|2|3|fenced?|true
STATE|2|1|2|3|attacked?|false
STATE|2|1|2|3|cropped|false
STATE|2|1|2|3|totalLivestock|[6 3 7 4 5 3 6 0 4 10 0 5 2 3 2 1 3 4 8 2]
STATE|2|1|2|3|treeCount|5.55
STATE|2|1|2|3|grassMass|4.67
STATE|2|1|2|3|pAttack|7.95
STATE|2|1|2|3|arable|true
STATE|2|1|2|3|totalHarvest|3.68
STATE|2|1|2|3|animalLoss|2.16
STATE|2|1|2|3|ownedBy|2
STATE|2|1|2|3|village|2
STATE|2|1|2|3|shared?|false
STATE|2|1|3|0|animalCount|[9 3 4 7 8 3 3 7 10 2 4 9 7 9 5 8 3 6 9 8]
STATE|2|1|3|0|forageCount|2.13
STATE|2|1|3|0|forageMass|8.72
STATE|2|1|3|0|fenced?|true
STATE|2|1|3|0|attacked?|false
STATE|2|1|3|0|cropped|false
STATE|2|1|3|0|totalLivestock|[4 6 0 10 9 2 4 0 6 1 2 3 5 3 10 1 1 8 5 8]
STATE|2|1|3|0|treeCount|7.58
STATE|2|1|3|0|grassMass|1.93
STATE|2|1|3|0|pAttack|7.19
STATE|2|1|3|0|arable|true
STATE|2|1|3|0|totalHarvest|2.89
STATE|2|1|3|0|animalLoss|8.17
STATE|2|1|3|0|ownedBy|2
STATE|2|1|3|0|village|1
STATE|2|1|3|0|shared?|true
STATE|2|1|3|1|animalCount|[7 10 10 2 4 2 0 5 10 10 5 6 0 10 7 3 6 5 10 1]
STATE|2|1|3|1|forageCount|1.82
STATE|2|1|3|1|forageMass|1.15
STATE|2|1|3|1|fenced?|false
STATE|2|1|3|1|attacked?|false
STATE|2|1|3|1|cropped|false
STATE|2|1|3|1|totalLivestock|[0 6 0 9 2 6 3 4 2 6 0 8 4 10 10 2 9 3 9 7]
STATE|2|1|3|1|treeCount|7.17
STATE|2|1|3|1|grassMass|2.55
STATE|2|1|3|1|pAttack|4.35
STATE|2|1|3|1|arable|false
STATE|2|1|3|1|totalHarvest|3.49
STATE|2|1|3|1|animalLoss|0.01
STATE|2|1|3|1|ownedBy|3
STATE|2|1|3|1|village|1
STATE|2|1|3|1|shared?|false
STATE|2|1|3|2|animalCount|[9 9 0 3 10 1 0 5 3 5 1 6 6 9 3 4 8 1 5 6]
STATE|2|1|3|2|forageCount|4.43
STATE|2|1|3|2|forageMass|3.4
STATE|2|1|3|2|fenced?|false
STATE|2|1|3|2|attacked?|false
STATE|2|1|3|2|cropped|false
STATE|2|1|3|2|totalLivestock|[10 7 8 0 10 3 6 10 8 2 7 3 0 8 4 2 8 2 10 3]
STATE|2|1|3|2|treeCount|5.44
STATE|2|1|3|2|grassMass|2.5
STATE|2|1|3|2|pAttack|0.59
STATE|2|1|3|2|arable|true
STATE|2|1|3|2|totalHarvest|4.12
STATE|2|1|3|2|animalLoss|2.01
STATE|2|1|3|2|ownedBy|1
STATE|2|1|3|2|village|0
STATE|2|1|3|2|shared?|true
STATE|2|1|3|3|animalCount|[7 10 7 3 3 0 8 7 2 10 5 4 2 2 9 9 3 5 10 1]
STATE|2|1|3|3|forageCount|5.48
STATE|2|1|3|3|forageMass|7.61
STATE|2|1|3|3|fenced?|true
STATE|2|1|3|3|attacked?|false
STATE|2|1|3|3|cropped|false
STATE|2|1|3|3|totalLivestock|[7 6 3 1 4 0 5 7 3 0 0 4 4 3 1 4 7 1 2 5]
STATE|2|1|3|3|treeCount|4.45
STATE|2|1|3|3|grassMass|5.69
STATE|2|1|3|3|pAttack|2.9
STATE|2|1|3|3|arable|false
STATE|2|1|3|3|totalHarvest|0.46
STATE|2|1|3|3|animalLoss|4.69
STATE|2|1|3|3|ownedBy|2
STATE|2|1|3|3|village|0
STATE|2|1|3|3|shared?|false
CHOICE|2|1|1|2|0|4|12:15:32.000 PM 28-Sep-2026
CHOICE|2|1|1|2|0|1|12:15:38.000 PM 28-Sep-2026
CONFIRM|2|1|1|12:15:53.000 PM 28-Sep-2026
CHOICE|2|1|2|2|2|1|12:15:56.000 PM 28-Sep-2026
CONFIRM|2|1|2|12:16:08.000 PM 28-Sep-2026
CHOICE|2|1|3|0|3|3|12:16:14.000 PM 28-Sep-2026
CONFIRM|2|1|3|12:16:17.000 PM 28-Sep-2026
CHOICE|2|1|4|1|0|3|12:16:29.000 PM 28-Sep-2026
CHOICE|2|1|4|1|0|3|12:16:35.000 PM 28-Sep-2026
CHOICE|2|1|4|1|0|3|12:16:49.000 PM 28-Sep-2026
CONFIRM|2|1|4|12:17:03.000 PM 28-Sep-2026
CHOICE|2|1|5|1|0|-99|12:17:13.000 PM 28-Sep-2026
CHOICE|2|1|5|3|0|4|12:17:20.000 PM 28-Sep-2026
CONFIRM|2|1|5|12:17:28.000 PM 28-Sep-2026
CHOICE|2|1|6|1|2|1|12:17:31.000 PM 28-Sep-2026
CHOICE|2|1|6|1|2|4|12:17:42.000 PM 28-Sep-2026
CHOICE|2|1|6|0|0|4|12:17:46.000 PM 28-Sep-2026
CONFIRM|2|1|6|12:17:50.000 PM 28-Sep-2026
CHOICE|2|1|7|2|0|-99|12:18:00.000 PM 28-Sep-2026
CHOICE|2|1|7|3|1|1|12:18:09.000 PM 28-Sep-2026
CHOICE|2|1|7|2|0|2|12:18:24.000 PM 28-Sep-2026
CONFIRM|2|1|7|12:18:36.000 PM 28-Sep-2026
CHOICE|2|1|8|3|2|-99|12:18:49.000 PM 28-Sep-2026
CONFIRM|2|1|8|12:18:59.000 PM 28-Sep-2026
CHOICE|2|1|9|2|1|3|12:19:08.000 PM 28-Sep-2026
CHOICE|2|1|9|2|1|2|12:19:15.000 PM 28-Sep-2026
CHOICE|2|1|9|0|0|3|12:19:25.000 PM 28-Sep-2026
CONFIRM|2|1|9|12:19:36.000 PM 28-Sep-2026
CHOICE|2|1|10|3|2|2|12:19:41.000 PM 28-Sep-2026
CHOICE|2|1|10|0|1|4|12:19:53.000 PM 28-Sep-2026
CONFIRM|2|1|10|12:19:55.000 PM 28-Sep-2026
CHOICE|2|1|11|2|3|2|12:20:05.000 PM 28-Sep-2026
CONFIRM|2|1|11|12:20:13.000 PM 28-Sep-2026
CHOICE|2|1|12|2|0|2|12:20:22.000 PM 28-Sep-2026
CHOICE|2|1|12|1|2|2|12:20:31.000 PM 28-Sep-2026
CONFIRM|2|1|12|12:20:42.000 PM 28-Sep-2026
CHOICE|2|1|13|3|1|2|12:20:51.000 PM 28-Sep-2026
CHOICE|2|1|13|3|1|1|12:21:05.000 PM 28-Sep-2026
CONFIRM|2|1|13|12:21:12.000 PM 28-Sep-2026
CHOICE|2|1|14|0|3|1|12:21:23.000 PM 28-Sep-2026
CHOICE|2|1|14|0|3|4|12:21:32.000 PM 28-Sep-2026
CHOICE|2|1|14|0|3|4|12:21:45.000 PM 28-Sep-2026
CONFIRM|2|1|14|12:21:47.000 PM 28-Sep-2026
CHOICE|2|1|15|2|0|1|12:21:53.000 PM 28-Sep-2026
CONFIRM|2|1|15|12:21:54.000 PM 28-Sep-2026
CHOICE|2|1|16|1|3|2|12:22:01.000 PM 28-Sep-2026
CONFIRM|2|1|16|12:22:16.000 PM 28-Sep-2026
CHOICE|2|1|17|1|0|3|12:22:19.000 PM 28-Sep-2026
CONFIRM|2|1|17|12:22:25.000 PM 28-Sep-2026
CHOICE|2|1|18|2|0|1|12:22:29.000 PM 28-Sep-2026
CHOICE|2|1|18|2|0|3|12:22:41.000 PM 28-Sep-2026
CHOICE|2|1|18|2|0|3|12:22:43.000 PM 28-Sep-2026
CONFIRM|2|1|18|12:22:49.000 PM 28-Sep-2026
CHOICE|2|1|19|2|0|-99|12:23:04.000 PM 28-Sep-2026
CHOICE|2|1|19|2|0|2|12:23:16.000 PM 28-Sep-2026
CHOICE|2|1|19|2|0|4|12:23:18.000 PM 28-Sep-2026
CONFIRM|2|1|19|12:23:31.000 PM 28-Sep-2026
CHOICE|2|1|20|3|0|-99|12:23:36.000 PM 28-Sep-2026
CONFIRM|2|1|20|12:23:39.000 PM 28-Sep-2026
SCORE|2|1|1|4|39|9
SCORE|2|1|2|12|21|18
SCORE|2|1|3|8|42|8
SCORE|2|1|4|14|14|0
SCORE|2|1|5|10|19|15
SCORE|2|1|6|16|46|1
SCORE|2|1|7|1|5|5
SCORE|2|1|8|19|60|19
SCORE|2|1|9|12|42|5
SCORE|2|1|10|14|39|7
SCORE|2|1|11|19|52|2
SCORE|2|1|12|11|32|16
SCORE|2|1|13|6|25|4
SCORE|2|1|14|18|57|1
SCORE|2|1|15|6|16|11
SCORE|2|1|16|14|35|18
SCORE|2|1|17|14|38|11
SCORE|2|1|18|10|10|10
SCORE|2|1|19|18|48|10
SCORE|2|1|20|7|8|7
PHASE|phase-2-2|12:23:47.000 PM 28-Sep-2026
STATE|2|2|0|0|animalCount|[9 0 10 2 10 2 4 6 4 1 8 4 5 9 9 8 9 2 0 8]
STATE|2|2|0|0|forageCount|9.03
STATE|2|2|0|0|forageMass|0.95
STATE|2|2|0|0|fenced?|true
STATE|2|2|0|0|attacked?|true
STATE|2|2|0|0|cropped|false
STATE|2|2|0|0|totalLivestock|[1 5 4 3 2 10 1 4 5 5 8 10 3 5 8 6 5 0 5 10]
STATE|2|2|0|0|treeCount|3.23
STATE|2|2|0|0|grassMass|9.88
STATE|2|2|0|0|pAttack|4.81
STATE|2|2|0|0|arable|true
STATE|2|2|0|0|totalHarvest|2.43
STATE|2|2|0|0|animalLoss|2.35
STATE|2|2|0|0|ownedBy|1
STATE|2|2|0|0|village|0
STATE|2|2|0|0|shared?|true
STATE|2|2|0|1|animalCount|[0 10 7 6 7 6 9 4 2 9 1 2 4 4 4 9 8 10 5 1]
STATE|2|2|0|1|forageCount|9.21
STATE|2|2|0|1|forageMass|5.83
STATE|2|2|0|1|fenced?|true
STATE|2|2|0|1|attacked?|true
STATE|2|2|0|1|cropped|false
STATE|2|2|0|1|totalLivestock|[7 5 6 1 7 5 2 4 4 8 0 2 10 4 3 0 3 0 6 7]
STATE|2|2|0|1|treeCount|2.0
STATE|2|2|0|1|grassMass|6.03
STATE|2|2|0|1|pAttack|8.64
STATE|2|2|0|1|arable|false
STATE|2|2|0|1|totalHarvest|1.97
STATE|2|2|0|1|animalLoss|7.34
STATE|2|2|0|1|ownedBy|0
STATE|2|2|0|1|village|3
STATE|2|2|0|1|shared?|true
STATE|2|2|0|2|animalCount|[1 9 5 2 0 3 4 8 10 0 10 5 0 3 5 5 0 10 7 6]
STATE|2|2|0|2|forageCount|6.1
STATE|2|2|0|2|forageMass|8.0
STATE|2|2|0|2|fenced?|true
STATE|2|2|0|2|attacked?|false
STATE|2|2|0|2|cropped|false
STATE|2|2|0|2|totalLivestock|[1 10 9 5 7 9 6 4 7 0 0 5 9 10 5 0 6 9 5 2]
STATE|2|2|0|2|treeCount|0.93
STATE|2|2|0|2|grassMass|1.56
STATE|2|2|0|2|pAttack|1.43
STATE|2|2|0|2|arable|false
STATE|2|2|0|2|totalHarvest|0.9
STATE|2|2|0|2|animalLoss|8.14
STATE|2|2|0|2|ownedBy|2
STATE|2|2|0|2|village|1
STATE|2|2|0|2|shared?|false
STATE|2|2|0|3|animalCount|[9 8 2 10 9 9 5 3 9 4 7 0 10 4 10 8 7 8 4 5]
STATE|2|2|0|3|forageCount|5.23
STATE|2|2|0|3|forageMass|9.41
STATE|2|2|0|3|fenced?|true
STATE|2|2|0|3|attacked?|true
STATE|2|2|0|3|cropped|true
STATE|2|2|0|3|totalLivestock|[10 5 2 10 3 6 1 0 9 2 1 0 8 8 3 8 2 4 9 5]
STATE|2|2|0|3|treeCount|7.38
STATE|2|2|0|3|grassMass|9.03
STATE|2|2|0|3|pAttack|8.71
STATE|2|2|0|3|arable|false
STATE|2|2|0|3|totalHarvest|7.79
STATE|2|2|0|3|animalLoss|5.28
STATE|2|2|0|3|ownedBy|1
STATE|2|2|0|3|village|3
STATE|2|2|0|3|shared?|true
STATE|2|2|1|0|animalCount|[7 3 10 5 6 7 3 5 0 1 10 0 1 10 6 10 5 0 3 9]
STATE|2|2|1|0|forageCount|3.76
STATE|2|2|1|0|forageMass|9.07
STATE|2|2|1|0|fenced?|true
STATE|2|2|1|0|attacked?|false
STATE|2|2|1|0|cropped|false
STATE|2|2|1|0|totalLivestock|[0 4 0 4 6 3 3 5 3 5 6 10 4 4 7 3 9 2 7 4]
STATE|2|2|1|0|treeCount|9.54
STATE|2|2|1|0|grassMass|1.37
STATE|2|2|1|0|pAttack|3.0
STATE|2|2|1|0|arable|true
STATE|2|2|1|0|totalHarvest|0.04
STATE|2|2|1|0|animalLoss|8.72
STATE|2|2|1|0|ownedBy|0
STATE|2|2|1|0|village|0
STATE|2|2|1|0|shared?|true
STATE|2|2|1|1|animalCount|[9 9 7 3 9 0 3 5 0 7 2 6 2 4 10 0 1 2 0 2]
STATE|2|2|1|1|forageCount|9.12
STATE|2|2|1|1|forageMass|1.51
STATE|2|2|1|1|fenced?|false
STATE|2|2|1|1|attacked?|true
STATE|2|2|1|1|cropped|true
STATE|2|2|1|1|totalLivestock|[10 6 1 6 5 10 10 6 5 0 9 3 3 10 0 0 2 8 9 3]
STATE|2|2|1|1|treeCount|5.75
STATE|2|2|1|1|grassMass|6.98
STATE|2|2|1|1|pAttack|7.29
STATE|2|2|1|1|arable|true
STATE|2|2|1|1|totalHarvest|8.94
STATE|2|2|1|1|animalLoss|0.65
STATE|2|2|1|1|ownedBy|0
STATE|2|2|1|1|village|0
STATE|2|2|1|1|shared?|false
STATE|2|2|1|2|animalCount|[2 8 6 0 2 3 10 8 2 10 8 8 1 8 5 7 1 5 3 3]
STATE|2|2|1|2|forageCount|7.31
STATE|2|2|1|2|forageMass|2.73
STATE|2|2|1|2|fenced?|true
STATE|2|2|1|2|attacked?|true
STATE|2|2|1|2|cropped|true
STATE|2|2|1|2|totalLivestock|[0 3 8 0 6 8 5 4 0 5 0 10 7 8 4 8 5 6 4 6]
STATE|2|2|1|2|treeCount|4.22
STATE|2|2|1|2|grassMass|5.4
STATE|2|2|1|2|pAttack|3.83
STATE|2|2|1|2|arable|true
STATE|2|2|1|2|totalHarvest|7.61
STATE|2|2|1|2|animalLoss|8.82
STATE|2|2|1|2|ownedBy|0
STATE|2|2|1|2|village|3
STATE|2|2|1|2|shared?|true
STATE|2|2|1|3|animalCount|[9 8 4 9 6 3 3 10 1 1 9 0 0 6 8 5 10 10 7 8]
STATE|2|2|1|3|forageCount|6.68
STATE|2|2|1|3|forageMass|4.55
STATE|2|2|1|3|fenced?|false
STATE|2|2|1|3|attacked?|true
STATE|2|2|1|3|cropped|false
STATE|2|2|1|3|totalLivestock|[7 8 5 9 8 6 3 10 6 5 1 6 8 4 9 10 10 5 1 10]
STATE|2|2|1|3|treeCount|7.97
STATE|2|2|1|3|grassMass|6.64
STATE|2|2|1|3|pAttack|9.24
STATE|2|2|1|3|arable|false
STATE|2|2|1|3|totalHarvest|2.62
STATE|2|2|1|3|animalLoss|8.41
STATE|2|2|1|3|ownedBy|3
STATE|2|2|1|3|village|1
STATE|2|2|1|3|shared?|false
STATE|2|2|2|0|animalCount|[7 9 3 2 1 8 5 8 3 8 2 5 3 10 2 2 10 7 2 10]
STATE|2|2|2|0|forageCount|9.47
STATE|2|2|2|0|forageMass|8.56
STATE|2|2|2|0|fenced?|false
STATE|2|2|2|0|attacked?|false
STATE|2|2|2|0|cropped|true
STATE|2|2|2|0|totalLivestock|[5 6 1 6 2 4 6 1 5 5 10 8 8 4 7 10 1 4 6 4]
STATE|2|2|2|0|treeCount|9.97
STATE|2|2|2|0|grassMass|6.95
STATE|2|2|2|0|pAttack|4.49
STATE|2|2|2|0|arable|true
STATE|2|2|2|0|totalHarvest|7.98
STATE|2|2|2|0|animalLoss|7.59
STATE|2|2|2|0|ownedBy|0
STATE|2|2|2|0|village|0
STATE|2|2|2|0|shared?|false
STATE|2|2|2|1|animalCount|[5 7 8 10 3 9 5 8 5 6 4 0 8 3 0 9 4 0 9 2]
STATE|2|2|2|1|forageCount|3.07
STATE|2|2|2|1|forageMass|5.45
STATE|2|2|2|1|fenced?|false
STATE|2|2|2|1|attacked?|true
STATE|2|2|2|1|cropped|true
STATE|2|2|2|1|totalLivestock|[7 1 8 10 7 1 3 2 6 4 9 5 0 7 6 5 0 4 6 6]
STATE|2|2|2|1|treeCount|6.48
STATE|2|2|2|1|grassMass|8.11
STATE|2|2|2|1|pAttack|3.52
STATE|2|2|2|1|arable|true
STATE|2|2|2|1|totalHarvest|5.79
STATE|2|2|2|1|animalLoss|9.25
STATE|2|2|2|1|ownedBy|0
STATE|2|2|2|1|village|3
STATE|2|2|2|1|shared?|false
STATE|2|2|2|2|animalCount|[1 10 3 5 1 1 7 6 6 8 6 7 10 0 1 9 9 7 7 6]
STATE|2|2|2|2|forageCount|4.15
STATE|2|2|2|2|forageMass|4.74
STATE|2|2|2|2|fenced?|false
STATE|2|2|2|2|attacked?|true
STATE|2|2|2|2|cropped|true
STATE|2|2|2|2|totalLivestock|[8 0 10 3 3 6 8 0 10 4 8 5 6 7 1 1 3 1 9 0]
STATE|2|2|2|2|treeCount|1.02
STATE|2|2|2|2|grassMass|0.88
STATE|2|2|2|2|pAttack|7.53
STATE|2|2|2|2|arable|false
STATE|2|2|2|2|totalHarvest|0.55
STATE|2|2|2|2|animalLoss|6.81
STATE|2|2|2|2|ownedBy|3
STATE|2|2|2|2|village|1
STATE|2|2|2|2|shared?|true
STATE|2|2|2|3|animalCount|[0 8 6 9 2 6 0 10 2 5 5 3 8 0 2 8 4 8 4 1]
STATE|2|2|2|3|forageCount|3.13
STATE|2|2|2|3|forageMass|2.55
STATE|2|2|2|3|fenced?|false
STATE|2|2|2|3|attacked?|false
STATE|2|2|2|3|cropped|false
STATE|2|2|2|3|totalLivestock|[6 10 0 4 4 3 6 6 8 4 4 3 2 0 3 8 10 5 7 10]
STATE|2|2|2|3|treeCount|4.89
STATE|2|2|2|3|grassMass|5.84
STATE|2|2|2|3|pAttack|3.66
STATE|2|2|2|3|arable|false
STATE|2|2|2|3|totalHarvest|2.0
STATE|2|2|2|3|animalLoss|9.19
STATE|2|2|2|3|ownedBy|3
STATE|2|2|2|3|village|3
STATE|2|2|2|3|shared?|true
STATE|2|2|3|0|animalCount|[5 0 8 1 6 9 5 0 4 3 7 4 3 3 9 9 7 6 7 3]
STATE|2|2|3|0|forageCount|8.78
STATE|2|2|3|0|forageMass|0.58
STATE|2|2|3|0|fenced?|true
STATE|2|2|3|0|attacked?|false
STATE|2|2|3|0|cropped|true
STATE|2|2|3|0|totalLivestock|[1 9 7 2 0 8 2 7 3 10 10 4 3 8 2 2 3 8 1 7]
STATE|2|2|3|0|treeCount|0.95
STATE|2|2|3|0|grassMass|7.84
STATE|2|2|3|0|pAttack|9.51
STATE|2|2|3|0|arable|true
STATE|2|2|3|0|totalHarvest|6.59
STATE|2|2|3|0|animalLoss|2.58
STATE|2|2|3|0|ownedBy|2
STATE|2|2|3|0|village|3
STATE|2|2|3|0|shared?|true
STATE|2|2|3|1|animalCount|[0 2 0 2 7 4 3 9 5 8 2 4 4 5 8 3 2 10 3 6]
STATE|2|2|3|1|forageCount|9.74
STATE|2|2|3|1|forageMass|3.28
STATE|2|2|3|1|fenced?|true
STATE|2|2|3|1|attacked?|true
STATE|2|2|3|1|cropped|false
STATE|2|2|3|1|totalLivestock|[1 3 7 2 2 6 5 10 6 1 0 5 1 10 3 10 8 8 1 4]
STATE|2|2|3|1|treeCount|4.9
STATE|2|2|3|1|grassMass|0.18
STATE|2|2|3|1|pAttack|7.81
STATE|2|2|3|1|arable|false
STATE|2|2|3|1|totalHarvest|9.13
STATE|2|2|3|1|animalLoss|2.01
STATE|2|2|3|1|ownedBy|1
STATE|2|2|3|1|village|1
STATE|2|2|3|1|shared?|false
STATE|2|2|3|2|animalCount|[8 1 3 2 7 4 3 9 4 0 9 9 1 0 5 3 2 10 4 0]
STATE|2|2|3|2|forageCount|1.72
STATE|2|2|3|2|forageMass|3.5
STATE|2|2|3|2|fenced?|true
STATE|2|2|3|2|attacked?|true
STATE|2|2|3|2|cropped|true
STATE|2|2|3|2|totalLivestock|[1 4 1 8 7 1 8 1 2 9 6 7 0 0 0 8 9 1 6 10]
STATE|2|2|3|2|treeCount|6.97
STATE|2|2|3|2|grassMass|4.15
STATE|2|2|3|2|pAttack|8.37
STATE|2|2|3|2|arable|true
STATE|2|2|3|2|totalHarvest|7.28
STATE|2|2|3|2|animalLoss|7.34
STATE|2|2|3|2|ownedBy|1
STATE|2|2|3|2|village|0
STATE|2|2|3|2|shared?|false
STATE|2|2|3|3|animalCount|[1 5 0 10 7 4 2 4 1 1 3 1 2 7 4 8 8 1 5 7]
STATE|2|2|3|3|forageCount|2.46
STATE|2|2|3|3|forageMass|5.68
STATE|2|2|3|3|fenced?|true
STATE|2|2|3|3|attacked?|true
STATE|2|2|3|3|cropped|false
STATE|2|2|3|3|totalLivestock|[4 6 8 3 2 3 8 8 3 1 0 1 0 7 9 3 3 1 2 2]
STATE|2|2|3|3|treeCount|8.41
STATE|2|2|3|3|grassMass|9.98
STATE|2|2|3|3|pAttack|4.24
STATE|2|2|3|3|arable|false
STATE|2|2|3|3|totalHarvest|1.1
STATE|2|2|3|3|animalLoss|5.7
STATE|2|2|3|3|ownedBy|0
STATE|2|2|3|3|village|0
STATE|2|2|3|3|shared?|false
CHOICE|2|2|1|1|1|1|12:24:01.000 PM 28-Sep-2026
CONFIRM|2|2|1|12:24:05.000 PM 28-Sep-2026
CHOICE|2|2|2|2|0|-99|12:24:15.000 PM 28-Sep-2026
CONFIRM|2|2|2|12:24:28.000 PM 28-Sep-2026
CHOICE|2|2|3|1|2|4|12:24:38.000 PM 28-Sep-2026
CHOICE|2|2|3|0|2|4|12:24:51.000 PM 28-Sep-2026
CHOICE|2|2|3|0|2|-99|12:24:55.000 PM 28-Sep-2026
CONFIRM|2|2|3|12:24:58.000 PM 28-Sep-2026
CHOICE|2|2|4|1|1|2|12:25:02.000 PM 28-Sep-2026
CHOICE|2|2|4|1|1|3|12:25:14.000 PM 28-Sep-2026
CHOICE|2|2|4|0|3|-99|12:25:23.000 PM 28-Sep-2026
CONFIRM|2|2|4|12:25:36.000 PM 28-Sep-2026
CHOICE|2|2|5|0|0|1|12:25:50.000 PM 28-Sep-2026
CHOICE|2|2|5|0|0|3|12:26:00.000 PM 28-Sep-2026
CONFIRM|2|2|5|12:26:03.000 PM 28-Sep-2026
CHOICE|2|2|6|3|1|3|12:26:18.000 PM 28-Sep-2026
CHOICE|2|2|6|3|1|2|12:26:25.000 PM 28-Sep-2026
CONFIRM|2|2|6|12:26:32.000 PM 28-Sep-2026
CHOICE|2|2|7|2|0|-99|12:26:45.000 PM 28-Sep-2026
CHOICE|2|2|7|2|1|4|12:26:54.000 PM 28-Sep-2026
CHOICE|2|2|7|2|1|1|12:27:01.000 PM 28-Sep-2026
CONFIRM|2|2|7|12:27:12.000 PM 28-Sep-2026
CHOICE|2|2|8|2|3|1|12:27:16.000 PM 28-Sep-2026
CHOICE|2|2|8|2|3|3|12:27:27.000 PM 28-Sep-2026
CONFIRM|2|2|8|12:27:37.000 PM 28-Sep-2026
CHOICE|2|2|9|2|0|1|12:27:39.000 PM 28-Sep-2026
CHOICE|2|2|9|3|3|3|12:27:47.000 PM 28-Sep-2026
CONFIRM|2|2|9|12:27:50.000 PM 28-Sep-2026
CHOICE|2|2|10|1|0|4|12:28:00.000 PM 28-Sep-2026
CHOICE|2|2|10|1|0|3|12:28:03.000 PM 28-Sep-2026
CONFIRM|2|2|10|12:28:15.000 PM 28-Sep-2026
CHOICE|2|2|11|3|1|1|12:28:22.000 PM 28-Sep-2026
CHOICE|2|2|11|1|3|2|12:28:28.000 PM 28-Sep-2026
CONFIRM|2|2|11|12:28:31.000 PM 28-Sep-2026
CHOICE|2|2|12|2|3|3|12:28:46.000 PM 28-Sep-2026
CONFIRM|2|2|12|12:28:55.000 PM 28-Sep-2026
CHOICE|2|2|13|1|1|1|12:28:56.000 PM 28-Sep-2026
CHOICE|2|2|13|0|1|3|12:29:08.000 PM 28-Sep-2026
CHOICE|2|2|13|0|1|4|12:29:11.000 PM 28-Sep-2026
CONFIRM|2|2|13|12:29:26.000 PM 28-Sep-2026
CHOICE|2|2|14|3|0|3|12:29:34.000 PM 28-Sep-2026
CHOICE|2|2|14|3|0|3|12:29:45.000 PM 28-Sep-2026
CONFIRM|2|2|14|12:29:57.000 PM 28-Sep-2026
CHOICE|2|2|15|3|0|4|12:30:05.000 PM 28-Sep-2026
CHOICE|2|2|15|3|0|1|12:30:20.000 PM 28-Sep-2026
CHOICE|2|2|15|0|3|2|12:30:32.000 PM 28-Sep-2026
CONFIRM|2|2|15|12:30:42.000 PM 28-Sep-2026
CHOICE|2|2|16|3|0|4|12:30:45.000 PM 28-Sep-2026
CHOICE|2|2|16|3|0|3|12:30:48.000 PM 28-Sep-2026
CHOICE|2|2|16|3|0|1|12:30:55.000 PM 28-Sep-2026
CONFIRM|2|2|16|12:30:58.000 PM 28-Sep-2026
CHOICE|2|2|17|2|1|1|12:31:05.000 PM 28-Sep-2026
CHOICE|2|2|17|2|1|1|12:31:18.000 PM 28-Sep-2026
CHOICE|2|2|17|3|3|3|12:31:30.000 PM 28-Sep-2026
CONFIRM|2|2|17|12:31:45.000 PM 28-Sep-2026
CHOICE|2|2|18|2|1|4|12:31:59.000 PM 28-Sep-2026
CHOICE|2|2|18|2|1|2|12:32:03.000 PM 28-Sep-2026
CONFIRM|2|2|18|12:32:12.000 PM 28-Sep-2026
CHOICE|2|2|19|1|2|2|12:32:23.000 PM 28-Sep-2026
CONFIRM|2|2|19|12:32:28.000 PM 28-Sep-2026
CHOICE|2|2|20|2|3|3|12:32:40.000 PM 28-Sep-2026
CONFIRM|2|2|20|12:32:43.000 PM 28-Sep-2026
SCORE|2|2|1|8|27|15
SCORE|2|2|2|6|45|10
SCORE|2|2|3|14|39|3
SCORE|2|2|4|8|31|12
SCORE|2|2|5|10|34|15
SCORE|2|2|6|8|15|6
SCORE|2|2|7|19|47|16
SCORE|2|2|8|13|53|5
SCORE|2|2|9|10|12|4
SCORE|2|2|10|8|56|17
SCORE|2|2|11|15|57|17
SCORE|2|2|12|13|61|2
SCORE|2|2|13|8|33|11
SCORE|2|2|14|12|45|9
SCORE|2|2|15|20|27|8
SCORE|2|2|16|14|63|0
SCORE|2|2|17|1|35|18
SCORE|2|2|18|9|31|19
SCORE|2|2|19|11|27|7
SCORE|2|2|20|2|37|3
PHASE|phase-3-1|12:32:56.000 PM 28-Sep-2026
STATE|3|1|0|0|animalCount|[9 10 6 1 4 2 10 2 10 1 6 6 5 6 6 7 5 5 2 2]
STATE|3|1|0|0|forageCount|5.32
STATE|3|1|0|0|forageMass|5.21
STATE|3|1|0|0|fenced?|false
STATE|3|1|0|0|attacked?|false
STATE|3|1|0|0|cropped|true
STATE|3|1|0|0|totalLivestock|[5 10 1 6 1 8 0 9 10 3 9 6 6 3 9 4 10 2 2 3]
STATE|3|1|0|0|treeCount|6.72
STATE|3|1|0|0|grassMass|7.54
STATE|3|1|0|0|pAttack|5.01
STATE|3|1|0|0|arable|false
STATE|3|1|0|0|totalHarvest|8.99
STATE|3|1|0|0|animalLoss|7.43
STATE|3|1|0|0|ownedBy|3
STATE|3|1|0|0|village|2
STATE|3|1|0|0|shared?|false
STATE|3|1|0|1|animalCount|[2 10 6 9 4 1 9 9 8 4 9 3 3 4 1 5 10 9 1 5]
STATE|3|1|0|1|forageCount|0.23
STATE|3|1|0|1|forageMass|5.17
STATE|3|1|0|1|fenced?|true
STATE|3|1|0|1|attacked?|false
STATE|3|1|0|1|cropped|true
STATE|3|1|0|1|totalLivestock|[7 10 2 7 4 8 0 7 9 8 9 0 0 8 7 1 7 3 4 10]
STATE|3|1|0|1|treeCount|9.36
STATE|3|1|0|1|grassMass|9.65
STATE|3|1|0|1|pAttack|5.31
STATE|3|1|0|1|arable|true
STATE|3|1|0|1|totalHarvest|5.57
STATE|3|1|0|1|animalLoss|8.2
STATE|3|1|0|1|ownedBy|1
STATE|3|1|0|1|village|3
STATE|3|1|0|1|shared?|false
STATE|3|1|0|2|animalCount|[0 3 2 0 8 4 6 5 1 10 4 1 9 1 6 6 8 9 6 3]
STATE|3|1|0|2|forageCount|6.67
STATE|3|1|0|2|forageMass|8.82
STATE|3|1|0|2|fenced?|true
STATE|3|1|0|2|attacked?|true
STATE|3|1|0|2|cropped|false
STATE|3|1|0|2|totalLivestock|[10 4 1 10 7 9 2 6 7 10 9 7 3 5 9 3 1 6 2 4]
STATE|3|1|0|2|treeCount|7.6
STATE|3|1|0|2|grassMass|0.76
STATE|3|1|0|2|pAttack|8.97
STATE|3|1|0|2|arable|true
STATE|3|1|0|2|totalHarvest|7.77
STATE|3|1|0|2|animalLoss|7.9
STATE|3|1|0|2|ownedBy|3
STATE|3|1|0|2|village|0
STATE|3|1|0|2|shared?|false
STATE|3|1|0|3|animalCount|[3 8 4 0 9 0 1 5 3 6 0 10 10 8 4 8 5 10 2 9]
STATE|3|1|0|3|forageCount|6.32
STATE|3|1|0|3|forageMass|9.91
STATE|3|1|0|3|fenced?|true
STATE|3|1|0|3|attacked?|true
STATE|3|1|0|3|cropped|true
STATE|3|1|0|3|totalLivestock|[5 6 0 7 1 5 1 2 5 7 7 1 5 5 7 2 1 8 9 4]
STATE|3|1|0|3|treeCount|5.08
STATE|3|1|0|3|grassMass|2.09
STATE|3|1|0|3|pAttack|2.52
STATE|3|1|0|3|arable|true
STATE|3|1|0|3|totalHarvest|9.09
STATE|3|1|0|3|animalLoss|7.1
STATE|3|1|0|3|ownedBy|3
STATE|3|1|0|3|village|2
STATE|3|1|0|3|shared?|false
STATE|3|1|1|0|animalCount|[6 2 6 2 2 0 1 3 9 8 6 0 0 1 7 0 3 9 8 1]
STATE|3|1|1|0|forageCount|8.59
STATE|3|1|1|0|forageMass|3.38
STATE|3|1|1|0|fenced?|false
STATE|3|1|1|0|attacked?|true
STATE|3|1|1|0|cropped|false
STATE|3|1|1|0|totalLivestock|[3 0 3 3 5 6 1 1 9 2 3 7 7 9 9 10 10 7 1 9]
STATE|3|1|1|0|treeCount|7.24
STATE|3|1|1|0|grassMass|0.54
STATE|3|1|1|0|pAttack|4.71
STATE|3|1|1|0|arable|true
STATE|3|1|1|0|totalHarvest|6.73
STATE|3|1|1|0|animalLoss|7.14
STATE|3|1|1|0|ownedBy|0
STATE|3|1|1|0|village|3
STATE|3|1|1|0|shared?|false
STATE|3|1|1|1|animalCount|[7 9 2 1 7 9 6 1 3 3 0 6 9 3 10 10 0 3 1 3]
STATE|3|1|1|1|forageCount|8.03
STATE|3|1|1|1|forageMass|0.38
STATE|3|1|1|1|fenced?|true
STATE|3|1|1|1|attacked?|true
STATE|3|1|1|1|cropped|false
STATE|3|1|1|1|totalLivestock|[3 10 0 8 10 9 6 4 0 2 7 0 7 1 1 2 2 8 2 9]
STATE|3|1|1|1|treeCount|5.12
STATE|3|1|1|1|grassMass|1.06
STATE|3|1|1|1|pAttack|7.87
STATE|3|1|1|1|arable|false
STATE|3|1|1|1|totalHarvest|9.16
STATE|3|1|1|1|animalLoss|0.02
STATE|3|1|1|1|ownedBy|0
STATE|3|1|1|1|village|3
STATE|3|1|1|1|shared?|false
STATE|3|1|1|2|animalCount|[1 8 8 9 9 9 8 1 0 10 8 9 4 7 6 10 0 8 3 0]
STATE|3|1|1|2|forageCount|1.87
STATE|3|1|1|2|forageMass|5.07
STATE|3|1|1|2|fenced?|false
STATE|3|1|1|2|attacked?|true
STATE|3|1|1|2|cropped|false
STATE|3|1|1|2|totalLivestock|[3 10 6 1 9 1 8 8 5 10 1 1 3 1 1 5 4 4 4 4]
STATE|3|1|1|2|treeCount|1.48
STATE|3|1|1|2|grassMass|6.06
STATE|3|1|1|2|pAttack|9.79
STATE|3|1|1|2|arable|false
STATE|3|1|1|2|totalHarvest|0.07
STATE|3|1|1|2|animalLoss|0.75
STATE|3|1|1|2|ownedBy|0
STATE|3|1|1|2|village|3
STATE|3|1|1|2|shared?|false
STATE|3|1|1|3|animalCount|[9 3 8 6 7 6 9 9 10 3 1 0 0 0 10 10 2 6 0 2]
STATE|3|1|1|3|forageCount|6.19
STATE|3|1|1|3|forageMass|2.93
STATE|3|1|1|3|fenced?|true
STATE|3|1|1|3|attacked?|true
STATE|3|1|1|3|cropped|false
STATE|3|1|1|3|totalLivestock|[5 0 5 6 1 2 7 2 10 10 7 9 5 4 3 0 6 8 0 5]
STATE|3|1|1|3|treeCount|2.31
STATE|3|1|1|3|grassMass|8.86
STATE|3|1|1|3|pAttack|9.21
STATE|3|1|1|3|arable|true
STATE|3|1|1|3|totalHarvest|7.7
STATE|3|1|1|3|animalLoss|7.75
STATE|3|1|1|3|ownedBy|1
STATE|3|1|1|3|village|0
STATE|3|1|1|3|shared?|false
STATE|3|1|2|0|animalCount|[1 0 5 6 10 5 5 1 8 1 7 2 3 8 0 10 10 8 3 6]
STATE|3|1|2|0|forageCount|9.31
STATE|3|1|2|0|forageMass|5.19
STATE|3|1|2|0|fenced?|false
STATE|3|1|2|0|attacked?|false
STATE|3|1|2|0|cropped|false
STATE|3|1|2|0|totalLivestock|[3 4 0 4 6 1 2 9 7 9 10 2 4 6 3 5 4 0 1 3]
STATE|3|1|2|0|treeCount|6.41
STATE|3|1|2|0|grassMass|6.18
STATE|3|1|2|0|pAttack|6.56
STATE|3|1|2|0|arable|false
STATE|3|1|2|0|totalHarvest|1.42
STATE|3|1|2|0|animalLoss|0.69
STATE|3|1|2|0|ownedBy|0
STATE|3|1|2|0|village|3
STATE|3|1|2|0|shared?|true
STATE|3|1|2|1|animalCount|[1 1 1 8 0 1 5 1 2 8 1 7 10 8 4 7 2 1 4 4]
STATE|3|1|2|1|forageCount|3.95
STATE|3|1|2|1|forageMass|6.97
STATE|3|1|2|1|fenced?|true
STATE|3|1|2|1|attacked?|false
STATE|3|1|2|1|cropped|false
STATE|3|1|2|1|totalLivestock|[7 5 5 3 0 6 3 1 3 5 10 5 4 9 0 3 1 1 2 10]
STATE|3|1|2|1|treeCount|6.62
STATE|3|1|2|1|grassMass|3.12
STATE|3|1|2|1|pAttack|2.63
STATE|3|1|2|1|arable|true
STATE|3|1|2|1|totalHarvest|4.81
STATE|3|1|2|1|animalLoss|8.37
STATE|3|1|2|1|ownedBy|0
STATE|3|1|2|1|village|2
STATE|3|1|2|1|shared?|true
STATE|3|1|2|2|animalCount|[1 9 9 3 0 1 4 0 4 2 5 5 8 2 2 5 4 5 5 2]
STATE|3|1|2|2|forageCount|5.23
STATE|3|1|2|2|forageMass|1.11
STATE|3|1|2|2|fenced?|true
STATE|3|1|2|2|attacked?|false
STATE|3|1|2|2|cropped|true
STATE|3|1|2|2|totalLivestock|[6 0 3 10 3 3 6 5 3 10 7 4 0 0 1 10 6 5 3 4]
STATE|3|1|2|2|treeCount|0.29
STATE|3|1|2|2|grassMass|4.38
STATE|3|1|2|2|pAttack|1.16
STATE|3|1|2|2|arable|true
STATE|3|1|2|2|totalHarvest|7.12
STATE|3|1|2|2|animalLoss|0.94
STATE|3|1|2|2|ownedBy|0
STATE|3|1|2|2|village|2
STATE|3|1|2|2|shared?|true
STATE|3|1|2|3|animalCount|[2 3 6 7 0 1 3 1 4 5 7 7 3 5 8 0 1 8 3 7]
STATE|3|1|2|3|forageCount|7.44
STATE|3|1|2|3|forageMass|5.63
STATE|3|1|2|3|fenced?|false
STATE|3|1|2|3|attacked?|false
STATE|3|1|2|3|cropped|false
STATE|3|1|2|3|totalLivestock|[1 0 6 8 0 3 8 2 8 5 3 1 1 7 4 7 7 2 1 7]
STATE|3|1|2|3|treeCount|6.31
STATE|3|1|2|3|grassMass|0.98
STATE|3|1|2|3|pAttack|2.81
STATE|3|1|2|3|arable|false
STATE|3|1|2|3|totalHarvest|0.68
STATE|3|1|2|3|animalLoss|7.03
STATE|3|1|2|3|ownedBy|2
STATE|3|1|2|3|village|2
STATE|3|1|2|3|shared?|true
STATE|3|1|3|0|animalCount|[8 0 10 10 8 0 10 7 10 0 8 10 3 7 10 9 2 10 5 2]
STATE|3|1|3|0|forageCount|3.87
STATE|3|1|3|0|forageMass|8.87
STATE|3|1|3|0|fenced?|true
STATE|3|1|3|0|attacked?|true
STATE|3|1|3|0|cropped|false
STATE|3|1|3|0|totalLivestock|[10 10 2 3 0 9 7 1 7 3 0 4 7 2 3 4 5 9 3 1]
STATE|3|1|3|0|treeCount|4.02
STATE|3|1|3|0|grassMass|6.79
STATE|3|1|3|0|pAttack|0.13
STATE|3|1|3|0|arable|false
STATE|3|1|3|0|totalHarvest|2.33
STATE|3|1|3|0|animalLoss|4.77
STATE|3|1|3|0|ownedBy|3
STATE|3|1|3|0|village|3
STATE|3|1|3|0|shared?|true
STATE|3|1|3|1|animalCount|[3 9 3 3 7 3 4 7 4 3 5 0 6 2 5 6 10 0 9 5]
STATE|3|1|3|1|forageCount|7.7
STATE|3|1|3|1|forageMass|2.38
STATE|3|1|3|1|fenced?|false
STATE|3|1|3|1|attacked?|true
STATE|3|1|3|1|cropped|false
STATE|3|1|3|1|totalLivestock|[9 7 7 8 8 6 2 4 3 8 1 4 6 2 2 8 2 9 5 0]
STATE|3|1|3|1|treeCount|1.68
STATE|3|1|3|1|grassMass|4.23
STATE|3|1|3|1|pAttack|0.8
STATE|3|1|3|1|arable|false
STATE|3|1|3|1|totalHarvest|7.9
STATE|3|1|3|1|animalLoss|2.53
STATE|3|1|3|1|ownedBy|3
STATE|3|1|3|1|village|3
STATE|3|1|3|1|shared?|true
STATE|3|1|3|2|animalCount|[2 4 6 1 0 6 1 0 4 1 4 2 2 6 1 8 6 4 10 10]
STATE|3|1|3|2|forageCount|7.06
STATE|3|1|3|2|forageMass|5.83
STATE|3|1|3|2|fenced?|true
STATE|3|1|3|2|attacked?|true
STATE|3|1|3|2|cropped|false
STATE|3|1|3|2|totalLivestock|[10 5 8 8 3 6 1 9 4 9 6 2 4 10 3 6 5 8 4 10]
STATE|3|1|3|2|treeCount|8.22
STATE|3|1|3|2|grassMass|7.01
STATE|3|1|3|2|pAttack|0.57
STATE|3|1|3|2|arable|false
STATE|3|1|3|2|totalHarvest|2.12
STATE|3|1|3|2|animalLoss|3.28
STATE|3|1|3|2|ownedBy|0
STATE|3|1|3|2|village|2
STATE|3|1|3|2|shared?|true
STATE|3|1|3|3|animalCount|[10 10 2 7 5 3 6 1 3 8 6 6 2 3 5 5 6 10 7 5]
STATE|3|1|3|3|forageCount|1.28
STATE|3|1|3|3|forageMass|2.23
STATE|3|1|3|3|fenced?|true
STATE|3|1|3|3|attacked?|true
STATE|3|1|3|3|cropped|true
STATE|3|1|3|3|totalLivestock|[2 6 9 6 10 1 7 9 7 5 9 8 5 5 6 5 2 7 0 10]
STATE|3|1|3|3|treeCount|6.76
STATE|3|1|3|3|grassMass|1.61
STATE|3|1|3|3|pAttack|3.7
STATE|3|1|3|3|arable|false
STATE|3|1|3|3|totalHarvest|7.67
STATE|3|1|3|3|animalLoss|8.36
STATE|3|1|3|3|ownedBy|3
STATE|3|1|3|3|village|0
STATE|3|1|3|3|shared?|false
CHOICE|3|1|1|1|2|3|12:33:07.000 PM 28-Sep-2026
CHOICE|3|1|1|1|2|4|12:33:21.000 PM 28-Sep-2026
CHOICE|3|1|1|1|2|1|12:33:25.000 PM 28-Sep-2026
CONFIRM|3|1|1|12:33:40.000 PM 28-Sep-2026
CHOICE|3|1|2|3|2|-99|12:33:53.000 PM 28-Sep-2026
CONFIRM|3|1|2|12:33:54.000 PM 28-Sep-2026
CHOICE|3|1|3|0|1|-99|12:33:58.000 PM 28-Sep-2026
CONFIRM|3|1|3|12:34:01.000 PM 28-Sep-2026
CHOICE|3|1|4|1|0|-99|12:34:03.000 PM 28-Sep-2026
CHOICE|3|1|4|1|1|1|12:34:12.000 PM 28-Sep-2026
CONFIRM|3|1|4|12:34:18.000 PM 28-Sep-2026
CHOICE|3|1|5|2|3|3|12:34:24.000 PM 28-Sep-2026
CHOICE|3|1|5|2|3|-99|12:34:27.000 PM 28-Sep-2026
CONFIRM|3|1|5|12:34:32.000 PM 28-Sep-2026
CHOICE|3|1|6|0|0|3|12:34:35.000 PM 28-Sep-2026
CONFIRM|3|1|6|12:34:48.000 PM 28-Sep-2026
CHOICE|3|1|7|2|2|2|12:34:52.000 PM 28-Sep-2026
CHOICE|3|1|7|2|2|1|12:35:05.000 PM 28-Sep-2026
CHOICE|3|1|7|2|2|4|12:35:10.000 PM 28-Sep-2026
CONFIRM|3|1|7|12:35:22.000 PM 28-Sep-2026
CHOICE|3|1|8|1|2|4|12:35:24.000 PM 28-Sep-2026
CONFIRM|3|1|8|12:35:26.000 PM 28-Sep-2026
CHOICE|3|1|9|1|1|4|12:35:39.000 PM 28-Sep-2026
CHOICE|3|1|9|1|1|1|12:35:53.000 PM 28-Sep-2026
CHOICE|3|1|9|1|1|2|12:35:54.000 PM 28-Sep-2026
CONFIRM|3|1|9|12:35:58.000 PM 28-Sep-2026
CHOICE|3|1|10|1|0|4|12:36:02.000 PM 28-Sep-2026
CHOICE|3|1|10|3|2|1|12:36:06.000 PM 28-Sep-2026
CHOICE|3|1|10|1|2|4|12:36:16.000 PM 28-Sep-2026
CONFIRM|3|1|10|12:36:20.000 PM 28-Sep-2026
CHOICE|3|1|11|1|2|3|12:36:23.000 PM 28-Sep-2026
CONFIRM|3|1|11|12:36:26.000 PM 28-Sep-2026
CHOICE|3|1|12|1|3|3|12:36:33.000 PM 28-Sep-2026
CONFIRM|3|1|12|12:36:39.000 PM 28-Sep-2026
CHOICE|3|1|13|2|0|3|12:36:41.000 PM 28-Sep-2026
CHOICE|3|1|13|2|0|2|12:36:44.000 PM 28-Sep-2026
CHOICE|3|1|13|2|0|2|12:36:52.000 PM 28-Sep-2026
CONFIRM|3|1|13|12:36:53.000 PM 28-Sep-2026
CHOICE|3|1|14|2|0|3|12:37:04.000 PM 28-Sep-2026
CONFIRM|3|1|14|12:37:16.000 PM 28-Sep-2026
CHOICE|3|1|15|2|0|1|12:37:26.000 PM 28-Sep-2026
CHOICE|3|1|15|2|0|3|12:37:39.000 PM 28-Sep-2026
CONFIRM|3|1|15|12:37:50.000 PM 28-Sep-2026
CHOICE|3|1|16|1|3|4|12:38:02.000 PM 28-Sep-2026
CHOICE|3|1|16|1|3|4|12:38:15.000 PM 28-Sep-2026
CHOICE|3|1|16|2|0|4|12:38:17.000 PM 28-Sep-2026
CONFIRM|3|1|16|12:38:28.000 PM 28-Sep-2026
CHOICE|3|1|17|1|0|2|12:38:30.000 PM 28-Sep-2026
CHOICE|3|1|17|1|0|3|12:38:41.000 PM 28-Sep-2026
CONFIRM|3|1|17|12:38:43.000 PM 28-Sep-2026
CHOICE|3|1|18|2|3|2|12:38:50.000 PM 28-Sep-2026
CHOICE|3|1|18|2|3|1|12:38:51.000 PM 28-Sep-2026
CHOICE|3|1|18|2|3|2|12:39:00.000 PM 28-Sep-2026
CONFIRM|3|1|18|12:39:02.000 PM 28-Sep-2026
CHOICE|3|1|19|0|2|4|12:39:05.000 PM 28-Sep-2026
CHOICE|3|1|19|0|2|4|12:39:17.000 PM 28-Sep-2026
CHOICE|3|1|19|0|2|2|12:39:25.000 PM 28-Sep-2026
CONFIRM|3|1|19|12:39:34.000 PM 28-Sep-2026
CHOICE|3|1|20|0|2|4|12:39:42.000 PM 28-Sep-2026
CONFIRM|3|1|20|12:39:46.000 PM 28-Sep-2026
SCORE|3|1|1|5|43|9
SCORE|3|1|2|14|39|6
SCORE|3|1|3|4|51|6
SCORE|3|1|4|15|21|16
SCORE|3|1|5|10|25|0
SCORE|3|1|6|8|40|15
SCORE|3|1|7|4|43|10
SCORE|3|1|8|10|21|10
SCORE|3|1|9|6|48|13
SCORE|3|1|10|1|1|7
SCORE|3|1|11|18|40|0
SCORE|3|1|12|8|46|1
SCORE|3|1|13|1|21|7
SCORE|3|1|14|10|27|11
SCORE|3|1|15|9|32|19
SCORE|3|1|16|11|36|12
SCORE|3|1|17|9|16|7
SCORE|3|1|18|0|43|13
SCORE|3|1|19|20|69|18
SCORE|3|1|20|7|48|1
PHASE|phase-3-2|12:40:01.000 PM 28-Sep-2026
STATE|3|2|0|0|animalCount|[2 2 4 4 8 10 5 6 6 4 2 3 8 5 10 0 5 2 5 2]
STATE|3|2|0|0|forageCount|8.57
STATE|3|2|0|0|forageMass|9.55
STATE|3|2|0|0|fenced?|false
STATE|3|2|0|0|attacked?|false
STATE|3|2|0|0|cropped|false
STATE|3|2|0|0|totalLivestock|[8 7 5 7 7 3 5 5 3 1 1 1 5 0 0 3 5 1 9 1]
STATE|3|2|0|0|treeCount|4.98
STATE|3|2|0|0|grassMass|0.53
STATE|3|2|0|0|pAttack|8.6
STATE|3|2|0|0|arable|false
STATE|3|2|0|0|totalHarvest|3.11
STATE|3|2|0|0|animalLoss|4.77
STATE|3|2|0|0|ownedBy|2
STATE|3|2|0|0|village|1
STATE|3|2|0|0|shared?|false
STATE|3|2|0|1|animalCount|[9 7 5 5 4 5 9 1 9 9 8 1 7 7 6 0 10 3 3 3]
STATE|3|2|0|1|forageCount|3.62
STATE|3|2|0|1|forageMass|3.63
STATE|3|2|0|1|fenced?|false
STATE|3|2|0|1|attacked?|false
STATE|3|2|0|1|cropped|true
STATE|3|2|0|1|totalLivestock|[9 0 7 9 9 6 0 2 6 1 2 8 4 8 5 1 3 9 0 3]
STATE|3|2|0|1|treeCount|3.67
STATE|3|2|0|1|grassMass|9.42
STATE|3|2|0|1|pAttack|7.38
STATE|3|2|0|1|arable|true
STATE|3|2|0|1|totalHarvest|6.37
STATE|3|2|0|1|animalLoss|0.77
STATE|3|2|0|1|ownedBy|2
STATE|3|2|0|1|village|0
STATE|3|2|0|1|shared?|true
STATE|3|2|0|2|animalCount|[5 8 2 7 8 8 0 10 2 9 6 8 2 2 0 10 8 1 9 5]
STATE|3|2|0|2|forageCount|0.53
STATE|3|2|0|2|forageMass|0.55
STATE|3|2|0|2|fenced?|false
STATE|3|2|0|2|attacked?|false
STATE|3|2|0|2|cropped|false
STATE|3|2|0|2|totalLivestock|[3 8 7 2 8 3 2 2 10 7 0 6 2 9 4 9 4 3 6 3]
STATE|3|2|0|2|treeCount|5.13
STATE|3|2|0|2|grassMass|4.68
STATE|3|2|0|2|pAttack|0.92
STATE|3|2|0|2|arable|true
STATE|3|2|0|2|totalHarvest|3.4
STATE|3|2|0|2|animalLoss|7.17
STATE|3|2|0|2|ownedBy|3
STATE|3|2|0|2|village|0
STATE|3|2|0|2|shared?|false
STATE|3|2|0|3|animalCount|[3 8 2 3 9 2 3 9 1 7 9 3 4 6 8 0 7 0 7 1]
STATE|3|2|0|3|forageCount|8.69
STATE|3|2|0|3|forageMass|8.98
STATE|3|2|0|3|fenced?|false
STATE|3|2|0|3|attacked?|true
STATE|3|2|0|3|cropped|true
STATE|3|2|0|3|totalLivestock|[2 10 3 8 5 6 3 3 3 2 6 5 9 6 4 4 2 10 3 7]
STATE|3|2|0|3|treeCount|0.85
STATE|3|2|0|3|grassMass|1.93
STATE|3|2|0|3|pAttack|3.16
STATE|3|2|0|3|arable|false
STATE|3|2|0|3|totalHarvest|1.84
STATE|3|2|0|3|animalLoss|4.8
STATE|3|2|0|3|ownedBy|2
STATE|3|2|0|3|village|3
STATE|3|2|0|3|shared?|true
STATE|3|2|1|0|animalCount|[4 7 8 3 7 9 8 2 8 2 3 1 5 6 1 6 1 5 6 5]
STATE|3|2|1|0|forageCount|3.52
STATE|3|2|1|0|forageMass|6.91
STATE|3|2|1|0|fenced?|true
STATE|3|2|1|0|attacked?|true
STATE|3|2|1|0|cropped|false
STATE|3|2|1|0|totalLivestock|[9 8 0 0 7 5 8 10 10 6 6 9 4 2 8 10 10 0 10 2]
STATE|3|2|1|0|treeCount|6.27
STATE|3|2|1|0|grassMass|6.78
STATE|3|2|1|0|pAttack|3.99
STATE|3|2|1|0|arable|true
STATE|3|2|1|0|totalHarvest|5.71
STATE|3|2|1|0|animalLoss|2.2
STATE|3|2|1|0|ownedBy|0
STATE|3|2|1|0|village|3
STATE|3|2|1|0|shared?|false
STATE|3|2|1|1|animalCount|[10 2 4 1 2 0 9 5 7 7 7 4 5 8 0 5 8 8 5 10]
STATE|3|2|1|1|forageCount|9.38
STATE|3|2|1|1|forageMass|1.16
STATE|3|2|1|1|fenced?|true
STATE|3|2|1|1|attacked?|false
STATE|3|2|1|1|cropped|false
STATE|3|2|1|1|totalLivestock|[4 0 5 6 1 5 10 8 0 4 5 4 7 2 6 0 1 3 3 0]
STATE|3|2|1|1|treeCount|7.37
STATE|3|2|1|1|grassMass|1.41
STATE|3|2|1|1|pAttack|3.11
STATE|3|2|1|1|arable|true
STATE|3|2|1|1|totalHarvest|4.37
STATE|3|2|1|1|animalLoss|1.22
STATE|3|2|1|1|ownedBy|3
STATE|3|2|1|1|village|0
STATE|3|2|1|1|shared?|false
STATE|3|2|1|2|animalCount|[8 8 1 2 6 3 0 7 6 6 1 10 2 9 2 4 0 1 0 2]
STATE|3|2|1|2|forageCount|1.24
STATE|3|2|1|2|forageMass|0.22
STATE|3|2|1|2|fenced?|false
STATE|3|2|1|2|attacked?|false
STATE|3|2|1|2|cropped|true
STATE|3|2|1|2|totalLivestock|[2 1 2 3 9 5 10 3 5 1 6 5 6 6 4 7 3 7 0 10]
STATE|3|2|1|2|treeCount|7.06
STATE|3|2|1|2|grassMass|1.75
STATE|3|2|1|2|pAttack|1.8
STATE|3|2|1|2|arable|true
STATE|3|2|1|2|totalHarvest|3.51
STATE|3|2|1|2|animalLoss|7.37
STATE|3|2|1|2|ownedBy|0
STATE|3|2|1|2|village|2
STATE|3|2|1|2|shared?|false
STATE|3|2|1|3|animalCount|[10 0 7 8 9 0 7 7 0 9 10 5 10 6 8 2 0 8 8 2]
STATE|3|2|1|3|forageCount|4.97
STATE|3|2|1|3|forageMass|6.88
STATE|3|2|1|3|fenced?|true
STATE|3|2|1|3|attacked?|false
STATE|3|2|1|3|cropped|false
STATE|3|2|1|3|totalLivestock|[8 0 5 6 10 3 9 6 10 6 5 7 9 9 2 5 6 3 4 3]
STATE|3|2|1|3|treeCount|7.92
STATE|3|2|1|3|grassMass|7.88
STATE|3|2|1|3|pAttack|8.21
STATE|3|2|1|3|arable|false
STATE|3|2|1|3|totalHarvest|6.88
STATE|3|2|1|3|animalLoss|3.18
STATE|3|2|1|3|ownedBy|3
STATE|3|2|1|3|village|1
STATE|3|2|1|3|shared?|false
STATE|3|2|2|0|animalCount|[5 2 9 8 7 4 1 7 0 2 6 1 9 6 4 9 8 6 0 1]
STATE|3|2|2|0|forageCount|5.89
STATE|3|2|2|0|forageMass|1.34
STATE|3|2|2|0|fenced?|true
STATE|3|2|2|0|attacked?|false
STATE|3|2|2|0|cropped|false
STATE|3|2|2|0|totalLivestock|[6 7 4 1 7 10 5 1 0 7 4 3 1 10 4 4 5 3 8 8]
STATE|3|2|2|0|treeCount|9.98
STATE|3|2|2|0|grassMass|4.27
STATE|3|2|2|0|pAttack|5.72
STATE|3|2|2|0|arable|false
STATE|3|2|2|0|totalHarvest|7.59
STATE|3|2|2|0|animalLoss|4.56
STATE|3|2|2|0|ownedBy|1
STATE|3|2|2|0|village|2
STATE|3|2|2|0|shared?|false
STATE|3|2|2|1|animalCount|[7 1 0 2 10 4 0 9 8 2 5 10 6 3 4 8 0 7 7 0]
STATE|3|2|2|1|forageCount|0.87
STATE|3|2|2|1|forageMass|8.51
STATE|3|2|2|1|fenced?|false
STATE|3|2|2|1|attacked?|true
STATE|3|2|2|1|cropped|true
STATE|3|2|2|1|totalLivestock|[7 1 4 5 9 2 2 10 1 10 2 8 4 5 2 2 3 7 3 4]
STATE|3|2|2|1|treeCount|2.6
STATE|3|2|2|1|grassMass|0.61
STATE|3|2|2|1|pAttack|1.61
STATE|3|2|2|1|arable|false
STATE|3|2|2|1|totalHarvest|3.02
STATE|3|2|2|1|animalLoss|9.94
STATE|3|2|2|1|ownedBy|0
STATE|3|2|2|1|village|3
STATE|3|2|2|1|shared?|true
STATE|3|2|2|2|animalCount|[9 7 3 1 6 7 5 10 0 6 3 10 7 7 8 3 4 2 8 10]
STATE|3|2|2|2|forageCount|1.2
STATE|3|2|2|2|forageMass|3.18
STATE|3|2|2|2|fenced?|false
STATE|3|2|2|2|attacked?|false
STATE|3|2|2|2|cropped|false
STATE|3|2|2|2|totalLivestock|[7 7 4 9 5 1 8 7 9 5 2 5 1 5 6 1 2 7 9 4]
STATE|3|2|2|2|treeCount|9.67
STATE|3|2|2|2|grassMass|3.85
STATE|3|2|2|2|pAttack|5.47
STATE|3|2|2|2|arable|true
STATE|3|2|2|2|totalHarvest|0.29
STATE|3|2|2|2|animalLoss|2.05
STATE|3|2|2|2|ownedBy|0
STATE|3|2|2|2|village|1
STATE|3|2|2|2|shared?|true
STATE|3|2|2|3|animalCount|[5 9 10 5 7 10 3 8 10 10 2 5 3 9 3 4 4 3 9 1]
STATE|3|2|2|3|forageCount|4.2
STATE|3|2|2|3|forageMass|2.1
STATE|3|2|2|3|fenced?|true
STATE|3|2|2|3|attacked?|false
STATE|3|2|2|3|cropped|false
STATE|3|2|2|3|totalLivestock|[3 10 1 10 4 1 3 10 9 10 0 4 0 6 1 4 5 9 0 8]
STATE|3|2|2|3|treeCount|4.16
STATE|3|2|2|3|grassMass|9.03
STATE|3|2|2|3|pAttack|5.9
STATE|3|2|2|3|arable|false
STATE|3|2|2|3|totalHarvest|0.13
STATE|3|2|2|3|animalLoss|2.03
STATE|3|2|2|3|ownedBy|0
STATE|3|2|2|3|village|0
STATE|3|2|2|3|shared?|true
STATE|3|2|3|0|animalCount|[1 4 9 8 5 10 6 6 0 1 9 6 1 4 8 2 6 5 10 0]
STATE|3|2|3|0|forageCount|9.54
STATE|3|2|3|0|forageMass|9.94
STATE|3|2|3|0|fenced?|false
STATE|3|2|3|0|attacked?|false
STATE|3|2|3|0|cropped|false
STATE|3|2|3|0|totalLivestock|[2 5 5 8 2 5 5 4 8 2 2 2 2 2 1 9 1 2 4 8]
STATE|3|2|3|0|treeCount|5.67
STATE|3|2|3|0|grassMass|0.96
STATE|3|2|3|0|pAttack|4.97
STATE|3|2|3|0|arable|true
STATE|3|2|3|0|totalHarvest|7.5
STATE|3|2|3|0|animalLoss|7.27
STATE|3|2|3|0|ownedBy|0
STATE|3|2|3|0|village|2
STATE|3|2|3|0|shared?|true
STATE|3|2|3|1|animalCount|[0 3 5 3 1 7 9 6 6 5 7 0 3 10 0 7 8 3 0 9]
STATE|3|2|3|1|forageCount|9.25
STATE|3|2|3|1|forageMass|1.98
STATE|3|2|3|1|fenced?|true
STATE|3|2|3|1|attacked?|false
STATE|3|2|3|1|cropped|false
STATE|3|2|3|1|totalLivestock|[5 10 1 6 4 1 8 7 3 10 2 2 4 6 5 1 8 6 2 9]
STATE|3|2|3|1|treeCount|0.45
STATE|3|2|3|1|grassMass|1.22
STATE|3|2|3|1|pAttack|8.47
STATE|3|2|3|1|arable|false
STATE|3|2|3|1|totalHarvest|1.57
STATE|3|2|3|1|animalLoss|6.25
STATE|3|2|3|1|ownedBy|0
STATE|3|2|3|1|village|1
STATE|3|2|3|1|shared?|false
STATE|3|2|3|2|animalCount|[5 0 1 8 3 8 6 2 3 10 3 6 4 10 7 1 3 7 0 3]
STATE|3|2|3|2|forageCount|6.62
STATE|3|2|3|2|forageMass|1.01
STATE|3|2|3|2|fenced?|true
STATE|3|2|3|2|attacked?|false
STATE|3|2|3|2|cropped|true
STATE|3|2|3|2|totalLivestock|[5 5 3 4 10 10 5 3 0 6 6 6 1 2 1 1 0 8 3 4]
STATE|3|2|3|2|treeCount|9.2
STATE|3|2|3|2|grassMass|1.0
STATE|3|2|3|2|pAttack|5.02
STATE|3|2|3|2|arable|true
STATE|3|2|3|2|totalHarvest|1.94
STATE|3|2|3|2|animalLoss|6.7
STATE|3|2|3|2|ownedBy|2
STATE|3|2|3|2|village|3
STATE|3|2|3|2|shared?|false
STATE|3|2|3|3|animalCount|[4 1 9 7 2 2 1 7 6 2 10 10 0 2 9 0 1 1 5 3]
STATE|3|2|3|3|forageCount|0.54
STATE|3|2|3|3|forageMass|5.83
STATE|3|2|3|3|fenced?|false
STATE|3|2|3|3|attacked?|true
STATE|3|2|3|3|cropped|false
STATE|3|2|3|3|totalLivestock|[5 6 4 2 7 7 2 0 2 1 8 6 3 10 2 10 4 1 1 6]
STATE|3|2|3|3|treeCount|0.92
STATE|3|2|3|3|grassMass|2.21
STATE|3|2|3|3|pAttack|1.53
STATE|3|2|3|3|arable|false
STATE|3|2|3|3|totalHarvest|0.84
STATE|3|2|3|3|animalLoss|3.06
STATE|3|2|3|3|ownedBy|3
STATE|3|2|3|3|village|1
STATE|3|2|3|3|shared?|false
CHOICE|3|2|1|3|1|2|12:40:09.000 PM 28-Sep-2026
CHOICE|3|2|1|1|2|2|12:40:19.000 PM 28-Sep-2026
CHOICE|3|2|1|1|2|1|12:40:26.000 PM 28-Sep-2026
CONFIRM|3|2|1|12:40:33.000 PM 28-Sep-2026
CHOICE|3|2|2|1|0|3|12:40:35.000 PM 28-Sep-2026
CHOICE|3|2|2|3|2|2|12:40:47.000 PM 28-Sep-2026
CHOICE|3|2|2|3|2|1|12:41:01.000 PM 28-Sep-2026
CONFIRM|3|2|2|12:41:06.000 PM 28-Sep-2026
CHOICE|3|2|3|2|1|3|12:41:18.000 PM 28-Sep-2026
CHOICE|3|2|3|2|1|3|12:41:30.000 PM 28-Sep-2026
CONFIRM|3|2|3|12:41:41.000 PM 28-Sep-2026
CHOICE|3|2|4|1|3|3|12:41:52.000 PM 28-Sep-2026
CONFIRM|3|2|4|12:41:58.000 PM 28-Sep-2026
CHOICE|3|2|5|0|2|3|12:42:04.000 PM 28-Sep-2026
CHOICE|3|2|5|0|2|3|12:42:17.000 PM 28-Sep-2026
CHOICE|3|2|5|2|2|2|12:42:25.000 PM 28-Sep-2026
CONFIRM|3|2|5|12:42:27.000 PM 28-Sep-2026
CHOICE|3|2|6|1|2|1|12:42:39.000 PM 28-Sep-2026
CHOICE|3|2|6|1|2|4|12:42:53.000 PM 28-Sep-2026
CONFIRM|3|2|6|12:43:01.000 PM 28-Sep-2026
CHOICE|3|2|7|3|1|2|12:43:13.000 PM 28-Sep-2026
CHOICE|3|2|7|3|1|2|12:43:19.000 PM 28-Sep-2026
CONFIRM|3|2|7|12:43:20.000 PM 28-Sep-2026
CHOICE|3|2|8|0|3|2|12:43:33.000 PM 28-Sep-2026
CONFIRM|3|2|8|12:43:46.000 PM 28-Sep-2026
CHOICE|3|2|9|0|0|4|12:43:55.000 PM 28-Sep-2026
CHOICE|3|2|9|0|0|3|12:43:56.000 PM 28-Sep-2026
CONFIRM|3|2|9|12:44:03.000 PM 28-Sep-2026
CHOICE|3|2|10|1|3|3|12:44:05.000 PM 28-Sep-2026
CHOICE|3|2|10|2|1|2|12:44:09.000 PM 28-Sep-2026
CONFIRM|3|2|10|12:44:10.000 PM 28-Sep-2026
CHOICE|3|2|11|1|2|-99|12:44:22.000 PM 28-Sep-2026
CHOICE|3|2|11|1|1|3|12:44:24.000 PM 28-Sep-2026
CHOICE|3|2|11|1|1|1|12:44:33.000 PM 28-Sep-2026
CONFIRM|3|2|11|12:44:41.000 PM 28-Sep-2026
CHOICE|3|2|12|1|1|4|12:44:56.000 PM 28-Sep-2026
CONFIRM|3|2|12|12:45:02.000 PM 28-Sep-2026
CHOICE|3|2|13|1|0|4|12:45:06.000 PM 28-Sep-2026
CONFIRM|3|2|13|12:45:17.000 PM 28-Sep-2026
CHOICE|3|2|14|1|2|4|12:45:28.000 PM 28-Sep-2026
CHOICE|3|2|14|1|2|3|12:45:33.000 PM 28-Sep-2026
CONFIRM|3|2|14|12:45:41.000 PM 28-Sep-2026
CHOICE|3|2|15|3|3|1|12:45:52.000 PM 28-Sep-2026
CHOICE|3|2|15|3|3|2|12:46:05.000 PM 28-Sep-2026
CHOICE|3|2|15|3|3|4|12:46:08.000 PM 28-Sep-2026
CONFIRM|3|2|15|12:46:21.000 PM 28-Sep-2026
CHOICE|3|2|16|2|3|1|12:46:26.000 PM 28-Sep-2026
CONFIRM|3|2|16|12:46:34.000 PM 28-Sep-2026
CHOICE|3|2|17|0|0|-99|12:46:36.000 PM 28-Sep-2026
CONFIRM|3|2|17|12:46:39.000 PM 28-Sep-2026
CHOICE|3|2|18|0|3|4|12:46:44.000 PM 28-Sep-2026
CHOICE|3|2|18|2|2|2|12:46:46.000 PM 28-Sep-2026
CONFIRM|3|2|18|12:46:55.000 PM 28-Sep-2026
CHOICE|3|2|19|3|0|2|12:46:59.000 PM 28-Sep-2026
CHOICE|3|2|19|2|2|3|12:47:04.000 PM 28-Sep-2026
CHOICE|3|2|19|2|0|3|12:47:07.000 PM 28-Sep-2026
CONFIRM|3|2|19|12:47:13.000 PM 28-Sep-2026
CHOICE|3|2|20|0|2|1|12:47:28.000 PM 28-Sep-2026
CHOICE|3|2|20|0|2|2|12:47:39.000 PM 28-Sep-2026
CHOICE|3|2|20|0|2|3|12:47:46.000 PM 28-Sep-2026
CONFIRM|3|2|20|12:47:51.000 PM 28-Sep-2026
SCORE|3|2|1|7|18|14
SCORE|3|2|2|5|28|1
SCORE|3|2|3|0|24|7
SCORE|3|2|4|10|53|12
SCORE|3|2|5|1|32|17
SCORE|3|2|6|15|27|17
SCORE|3|2|7|5|9|20
SCORE|3|2|8|5|49|5
SCORE|3|2|9|8|49|16
SCORE|3|2|10|4|48|19
SCORE|3|2|11|5|47|16
SCORE|3|2|12|10|28|17
SCORE|3|2|13|17|25|15
SCORE|3|2|14|19|26|4
SCORE|3|2|15|8|27|9
SCORE|3|2|16|6|40|19
SCORE|3|2|17|18|32|14
SCORE|3|2|18|10|46|4
SCORE|3|2|19|11|42|14
SCORE|3|2|20|17|27|1
