PHASE|phase-1-1|12:00:13.000 PM 28-Sep-2026
STATE|1|1|0|0|animalCount|[9 1 7 4 0 0 2 10 9 7 5 5 0 4 7 3 6 8 8 10]
STATE|1|1|0|0|forageCount|0.94
STATE|1|1|0|0|forageMass|5.63
STATE|1|1|0|0|fenced?|false
STATE|1|1|0|0|attacked?|false
STATE|1|1|0|0|cropped|false
STATE|1|1|0|0|totalLivestock|[9 10 1 6 5 1 5 6 4 7 1 3 10 4 1 0 9 3 10 5]
STATE|1|1|0|0|treeCount|4.87
STATE|1|1|0|0|grassMass|8.33
STATE|1|1|0|0|pAttack|1.94
STATE|1|1|0|0|arable|false
STATE|1|1|0|0|totalHarvest|9.7
STATE|1|1|0|0|animalLoss|8.92
STATE|1|1|0|0|ownedBy|3
STATE|1|1|0|0|village|0
STATE|1|1|0|0|shared?|false
STATE|1|1|0|1|animalCount|[3 9 6 4 5 9 1 1 8 10 8 3 1 9 10 4 4 3 6 7]
STATE|1|1|0|1|forageCount|2.23
STATE|1|1|0|1|forageMass|5.97
STATE|1|1|0|1|fenced?|false
STATE|1|1|0|1|attacked?|false
STATE|1|1|0|1|cropped|false
STATE|1|1|0|1|totalLivestock|[3 2 0 10 5 8 10 9 9 4 5 6 8 6 4 2 10 7 0 2]
STATE|1|1|0|1|treeCount|4.23
STATE|1|1|0|1|grassMass|7.46
STATE|1|1|0|1|pAttack|3.98
STATE|1|1|0|1|arable|false
STATE|1|1|0|1|totalHarvest|2.45
STATE|1|1|0|1|animalLoss|9.79
STATE|1|1|0|1|ownedBy|3
STATE|1|1|0|1|village|3
STATE|1|1|0|1|shared?|false
STATE|1|1|0|2|animalCount|[7 7 6 1 8 6 7 4 6 1 3 10 4 7 7 2 0 0 8 1]
STATE|1|1|0|2|forageCount|2.51
STATE|1|1|0|2|forageMass|8.02
STATE|1|1|0|2|fenced?|true
STATE|1|1|0|2|attacked?|false
STATE|1|1|0|2|cropped|true
STATE|1|1|0|2|totalLivestock|[8 4 6 6 9 7 4 9 7 10 7 7 2 6 7 4 10 7 5 5]
STATE|1|1|0|2|treeCount|6.59
STATE|1|1|0|2|grassMass|9.71
STATE|1|1|0|2|pAttack|9.23
STATE|1|1|0|2|arable|true
STATE|1|1|0|2|totalHarvest|6.03
STATE|1|1|0|2|animalLoss|3.2
STATE|1|1|0|2|ownedBy|2
STATE|1|1|0|2|village|2
STATE|1|1|0|2|shared?|false
STATE|1|1|0|3|animalCount|[2 4 8 0 9 7 0 2 0 9 9 1 10 5 5 7 9 0 3 2]
STATE|1|1|0|3|forageCount|9.47
STATE|1|1|0|3|forageMass|6.13
STATE|1|1|0|3|fenced?|true
STATE|1|1|0|3|attacked?|false
STATE|1|1|0|3|cropped|false
STATE|1|1|0|3|totalLivestock|[7 1 7 3 1 5 5 2 10 10 3 9 5 2 0 10 10 1 1 0]
STATE|1|1|0|3|treeCount|6.46
STATE|1|1|0|3|grassMass|4.63
STATE|1|1|0|3|pAttack|9.0
STATE|1|1|0|3|arable|false
STATE|1|1|0|3|totalHarvest|7.01
STATE|1|1|0|3|animalLoss|1.27
STATE|1|1|0|3|ownedBy|0
STATE|1|1|0|3|village|0
STATE|1|1|0|3|shared?|false
STATE|1|1|1|0|animalCount|[4 10 7 7 0 10 2 3 7 7 7 7 8 4 7 9 1 4 5 4]
STATE|1|1|1|0|forageCount|3.6
STATE|1|1|1|0|forageMass|0.34
STATE|1|1|1|0|fenced?|false
STATE|1|1|1|0|attacked?|true
STATE|1|1|1|0|cropped|true
STATE|1|1|1|0|totalLivestock|[7 6 7 5 0 1 3 9 10 3 8 0 2 5 5 0 0 3 6 5]
STATE|1|1|1|0|treeCount|8.85
STATE|1|1|1|0|grassMass|1.58
STATE|1|1|1|0|pAttack|6.76
STATE|1|1|1|0|arable|true
STATE|1|1|1|0|totalHarvest|1.36
STATE|1|1|1|0|animalLoss|7.43
STATE|1|1|1|0|ownedBy|3
STATE|1|1|1|0|village|0
STATE|1|1|1|0|shared?|true
STATE|1|1|1|1|animalCount|[5 8 0 2 8 2 2 4 2 8 9 6 3 3 9 2 6 2 5 3]
STATE|1|1|1|1|forageCount|5.61
STATE|1|1|1|1|forageMass|0.05
STATE|1|1|1|1|fenced?|false
STATE|1|1|1|1|attacked?|true
STATE|1|1|1|1|cropped|false
STATE|1|1|1|1|totalLivestock|[6 8 7 0 6 8 8 10 2 3 10 8 5 4 10 2 2 2 10 2]
STATE|1|1|1|1|treeCount|3.85
STATE|1|1|1|1|grassMass|0.61
STATE|1|1|1|1|pAttack|0.4
STATE|1|1|1|1|arable|false
STATE|1|1|1|1|totalHarvest|1.15
STATE|1|1|1|1|animalLoss|7.11
STATE|1|1|1|1|ownedBy|0
STATE|1|1|1|1|village|3
STATE|1|1|1|1|shared?|true
STATE|1|1|1|2|animalCount|[0 0 8 3 6 3 9 4 1 7 1 9 0 2 10 7 1 1 2 0]
STATE|1|1|1|2|forageCount|6.84
STATE|1|1|1|2|forageMass|0.3
STATE|1|1|1|2|fenced?|false
STATE|1|1|1|2|attacked?|false
STATE|1|1|1|2|cropped|true
STATE|1|1|1|2|totalLivestock|[4 4 7 3 3 10 8 10 3 4 9 0 4 8 10 5 8 1 9 9]
STATE|1|1|1|2|treeCount|6.45
STATE|1|1|1|2|grassMass|3.62
STATE|1|1|1|2|pAttack|6.91
STATE|1|1|1|2|arable|true
STATE|1|1|1|2|totalHarvest|7.63
STATE|1|1|1|2|animalLoss|3.6
STATE|1|1|1|2|ownedBy|3
STATE|1|1|1|2|village|1
STATE|1|1|1|2|shared?|true
STATE|1|1|1|3|animalCount|[0 5 2 0 0 5 1 7 0 7 4 1 10 9 9 4 3 2 2 6]
STATE|1|1|1|3|forageCount|5.46
STATE|1|1|1|3|forageMass|2.43
STATE|1|1|1|3|fenced?|false
STATE|1|1|1|3|attacked?|false
STATE|1|1|1|3|cropped|true
STATE|1|1|1|3|totalLivestock|[8 10 7 4 4 2 4 0 3 7 1 2 9 1 0 8 2 1 2 9]
STATE|1|1|1|3|treeCount|3.93
STATE|1|1|1|3|grassMass|4.86
STATE|1|1|1|3|pAttack|8.7
STATE|1|1|1|3|arable|false
STATE|1|1|1|3|totalHarvest|5.41
STATE|1|1|1|3|animalLoss|7.95
STATE|1|1|1|3|ownedBy|0
STATE|1|1|1|3|village|3
STATE|1|1|1|3|shared?|false
STATE|1|1|2|0|animalCount|[2 7 0 5 6 4 5 2 4 5 9 10 5 3 0 4 2 1 6 9]
STATE|1|1|2|0|forageCount|6.2
STATE|1|1|2|0|forageMass|2.32
STATE|1|1|2|0|fenced?|false
STATE|1|1|2|0|attacked?|true
STATE|1|1|2|0|cropped|true
STATE|1|1|2|0|totalLivestock|[2 8 0 8 8 7 5 5 9 6 4 10 10 1 4 2 0 1 9 9]
STATE|1|1|2|0|treeCount|6.11
STATE|1|1|2|0|grassMass|9.89
STATE|1|1|2|0|pAttack|8.2
STATE|1|1|2|0|arable|false
STATE|1|1|2|0|totalHarvest|7.82
STATE|1|1|2|0|animalLoss|7.65
STATE|1|1|2|0|ownedBy|0
STATE|1|1|2|0|village|0
STATE|1|1|2|0|shared?|false
STATE|1|1|2|1|animalCount|[10 1 3 5 5 2 3 2 2 3 10 2 7 7 9 1 9 2 7 3]
STATE|1|1|2|1|forageCount|5.72
STATE|1|1|2|1|forageMass|7.34
STATE|1|1|2|1|fenced?|false
STATE|1|1|2|1|attacked?|false
STATE|1|1|2|1|cropped|false
STATE|1|1|2|1|totalLivestock|[4 0 0 10 0 7 10 7 5 0 0 4 1 6 9 5 1 5 2 2]
STATE|1|1|2|1|treeCount|3.7
STATE|1|1|2|1|grassMass|7.62
STATE|1|1|2|1|pAttack|7.44
STATE|1|1|2|1|arable|false
STATE|1|1|2|1|totalHarvest|9.46
STATE|1|1|2|1|animalLoss|8.89
STATE|1|1|2|1|ownedBy|0
STATE|1|1|2|1|village|0
STATE|1|1|2|1|shared?|false
STATE|1|1|2|2|animalCount|[5 0 2 10 8 7 4 1 7 1 6 3 8 2 7 5 4 8 5 4]
STATE|1|1|2|2|forageCount|5.45
STATE|1|1|2|2|forageMass|8.84
STATE|1|1|2|2|fenced?|true
STATE|1|1|2|2|attacked?|false
STATE|1|1|2|2|cropped|false
STATE|1|1|2|2|totalLivestock|[0 8 3 10 9 0 8 7 8 8 4 2 0 5 0 3 9 4 3 2]
STATE|1|1|2|2|treeCount|2.78
STATE|1|1|2|2|grassMass|2.73
STATE|1|1|2|2|pAttack|3.03
STATE|1|1|2|2|arable|false
STATE|1|1|2|2|totalHarvest|3.74
STATE|1|1|2|2|animalLoss|7.07
STATE|1|1|2|2|ownedBy|0
STATE|1|1|2|2|village|3
STATE|1|1|2|2|shared?|true
STATE|1|1|2|3|animalCount|[5 9 2 5 2 7 10 3 7 6 8 9 5 1 10 1 6 0 9 9]
STATE|1|1|2|3|forageCount|2.04
STATE|1|1|2|3|forageMass|4.39
STATE|1|1|2|3|fenced?|true
STATE|1|1|2|3|attacked?|false
STATE|1|1|2|3|cropped|true
STATE|1|1|2|3|totalLivestock|[10 10 8 8 4 8 4 10 5 4 6 5 1 8 6 10 2 4 0 10]
STATE|1|1|2|3|treeCount|5.04
STATE|1|1|2|3|grassMass|8.17
STATE|1|1|2|3|pAttack|9.82
STATE|1|1|2|3|arable|true
STATE|1|1|2|3|totalHarvest|6.65
STATE|1|1|2|3|animalLoss|0.61
STATE|1|1|2|3|ownedBy|2
STATE|1|1|2|3|village|3
STATE|1|1|2|3|shared?|true
STATE|1|1|3|0|animalCount|[10 4 5 0 1 4 4 5 6 6 9 1 1 4 7 7 4 4 3 0]
STATE|1|1|3|0|forageCount|9.21
STATE|1|1|3|0|forageMass|7.75
STATE|1|1|3|0|fenced?|false
STATE|1|1|3|0|attacked?|true
STATE|1|1|3|0|cropped|true
STATE|1|1|3|0|totalLivestock|[4 10 10 0 1 4 2 8 1 0 6 4 7 3 1 4 2 2 2 1]
STATE|1|1|3|0|treeCount|8.54
STATE|1|1|3|0|grassMass|7.93
STATE|1|1|3|0|pAttack|5.95
STATE|1|1|3|0|arable|false
STATE|1|1|3|0|totalHarvest|8.99
STATE|1|1|3|0|animalLoss|4.75
STATE|1|1|3|0|ownedBy|3
STATE|1|1|3|0|village|2
STATE|1|1|3|0|shared?|true
STATE|1|1|3|1|animalCount|[9 7 3 2 8 1 3 10 2 6 3 9 5 7 9 10 4 9 9 3]
STATE|1|1|3|1|forageCount|5.7
STATE|1|1|3|1|forageMass|2.26
STATE|1|1|3|1|fenced?|true
STATE|1|1|3|1|attacked?|true
STATE|1|1|3|1|cropped|false
STATE|1|1|3|1|totalLivestock|[1 10 0 5 5 7 10 4 6 6 4 5 8 9 5 9 0 6 10 9]
STATE|1|1|3|1|treeCount|1.8
STATE|1|1|3|1|grassMass|2.9
STATE|1|1|3|1|pAttack|6.65
STATE|1|1|3|1|arable|true
STATE|1|1|3|1|totalHarvest|4.61
STATE|1|1|3|1|animalLoss|5.76
STATE|1|1|3|1|ownedBy|1
STATE|1|1|3|1|village|3
STATE|1|1|3|1|shared?|true
STATE|1|1|3|2|animalCount|[7 5 1 7 6 7 0 1 9 1 7 6 10 0 10 0 8 8 5 5]
STATE|1|1|3|2|forageCount|1.61
STATE|1|1|3|2|forageMass|1.8
STATE|1|1|3|2|fenced?|false
STATE|1|1|3|2|attacked?|true
STATE|1|1|3|2|cropped|false
STATE|1|1|3|2|totalLivestock|[0 5 10 3 9 8 4 9 8 4 6 5 0 9 5 6 4 2 7 5]
STATE|1|1|3|2|treeCount|0.38
STATE|1|1|3|2|grassMass|5.42
STATE|1|1|3|2|pAttack|2.05
STATE|1|1|3|2|arable|false
STATE|1|1|3|2|totalHarvest|8.22
STATE|1|1|3|2|animalLoss|4.75
STATE|1|1|3|2|ownedBy|0
STATE|1|1|3|2|village|3
STATE|1|1|3|2|shared?|true
STATE|1|1|3|3|animalCount|[5 7 3 3 5 2 1 3 0 3 4 6 3 5 7 5 2 5 10 4]
STATE|1|1|3|3|forageCount|8.41
STATE|1|1|3|3|forageMass|7.43
STATE|1|1|3|3|fenced?|false
STATE|1|1|3|3|attacked?|true
STATE|1|1|3|3|cropped|true
STATE|1|1|3|3|totalLivestock|[6 8 0 10 6 10 0 10 1 1 1 10 9 10 3 8 1 8 9 9]
STATE|1|1|3|3|treeCount|4.82
STATE|1|1|3|3|grassMass|3.3
STATE|1|1|3|3|pAttack|6.69
STATE|1|1|3|3|arable|true
STATE|1|1|3|3|totalHarvest|7.67
STATE|1|1|3|3|animalLoss|7.71
STATE|1|1|3|3|ownedBy|0
STATE|1|1|3|3|village|0
STATE|1|1|3|3|shared?|true
CHOICE|1|1|1|2|1|1|12:00:18.000 PM 28-Sep-2026
CHOICE|1|1|1|2|1|2|12:00:29.000 PM 28-Sep-2026
CHOICE|1|1|1|2|1|4|12:00:31.000 PM 28-Sep-2026
CONFIRM|1|1|1|12:00:38.000 PM 28-Sep-2026
CHOICE|1|1|2|1|1|2|12:00:49.000 PM 28-Sep-2026
CHOICE|1|1|2|2|3|-99|12:00:56.000 PM 28-Sep-2026
CHOICE|1|1|2|3|1|-99|12:01:00.000 PM 28-Sep-2026
CONFIRM|1|1|2|12:01:12.000 PM 28-Sep-2026
CHOICE|1|1|3|2|0|3|12:01:18.000 PM 28-Sep-2026
CHOICE|1|1|3|3|3|-99|12:01:25.000 PM 28-Sep-2026
CONFIRM|1|1|3|12:01:39.000 PM 28-Sep-2026
CHOICE|1|1|4|1|2|4|12:01:48.000 PM 28-Sep-2026
CHOICE|1|1|4|1|2|2|12:01:50.000 PM 28-Sep-2026
CONFIRM|1|1|4|12:01:54.000 PM 28-Sep-2026
CHOICE|1|1|5|2|3|2|12:02:03.000 PM 28-Sep-2026
CHOICE|1|1|5|0|3|-99|12:02:09.000 PM 28-Sep-2026
CHOICE|1|1|5|2|0|3|12:02:22.000 PM 28-Sep-2026
CONFIRM|1|1|5|12:02:35.000 PM 28-Sep-2026
CHOICE|1|1|6|2|2|-99|12:02:46.000 PM 28-Sep-2026
CONFIRM|1|1|6|12:02:55.000 PM 28-Sep-2026
CHOICE|1|1|7|2|0|1|12:02:59.000 PM 28-Sep-2026
CHOICE|1|1|7|1|1|-99|12:03:14.000 PM 28-Sep-2026
CHOICE|1|1|7|1|1|-99|12:03:20.000 PM 28-Sep-2026
CONFIRM|1|1|7|12:03:35.000 PM 28-Sep-2026
CHOICE|1|1|8|3|3|1|12:03:36.000 PM 28-Sep-2026
CONFIRM|1|1|8|12:03:39.000 PM 28-Sep-2026
CHOICE|1|1|9|1|1|-99|12:03:44.000 PM 28-Sep-2026
CHOICE|1|1|9|1|1|-99|12:03:49.000 PM 28-Sep-2026
CHOICE|1|1|9|1|1|-99|12:03:59.000 PM 28-Sep-2026
CONFIRM|1|1|9|12:04:12.000 PM 28-Sep-2026
CHOICE|1|1|10|3|0|-99|12:04:26.000 PM 28-Sep-2026
CHOICE|1|1|10|2|2|3|12:04:35.000 PM 28-Sep-2026
CHOICE|1|1|10|3|3|-99|12:04:46.000 PM 28-Sep-2026
CONFIRM|1|1|10|12:04:54.000 PM 28-Sep-2026
CHOICE|1|1|11|1|0|1|12:05:08.000 PM 28-Sep-2026
CHOICE|1|1|11|3|3|-99|12:05:17.000 PM 28-Sep-2026
CONFIRM|1|1|11|12:05:25.000 PM 28-Sep-2026
CHOICE|1|1|12|1|0|1|12:05:40.000 PM 28-Sep-2026
CHOICE|1|1|12|1|0|2|12:05:53.000 PM 28-Sep-2026
CONFIRM|1|1|12|12:06:02.000 PM 28-Sep-2026
CHOICE|1|1|13|2|1|1|12:06:09.000 PM 28-Sep-2026
CONFIRM|1|1|13|12:06:10.000 PM 28-Sep-2026
CHOICE|1|1|14|3|0|-99|12:06:13.000 PM 28-Sep-2026
CHOICE|1|1|14|3|0|3|12:06:17.000 PM 28-Sep-2026
CONFIRM|1|1|14|12:06:32.000 PM 28-Sep-2026
CHOICE|1|1|15|3|3|2|12:06:38.000 PM 28-Sep-2026
CONFIRM|1|1|15|12:06:53.000 PM 28-Sep-2026
CHOICE|1|1|16|1|0|4|12:07:01.000 PM 28-Sep-2026
CHOICE|1|1|16|0|1|-99|12:07:11.000 PM 28-Sep-2026
CHOICE|1|1|16|0|2|-99|12:07:24.000 PM 28-Sep-2026
CONFIRM|1|1|16|12:07:30.000 PM 28-Sep-2026
CHOICE|1|1|17|2|2|-99|12:07:37.000 PM 28-Sep-2026
CHOICE|1|1|17|2|3|2|12:07:39.000 PM 28-Sep-2026
CHOICE|1|1|17|2|0|-99|12:07:48.000 PM 28-Sep-2026
CONFIRM|1|1|17|12:08:02.000 PM 28-Sep-2026
CHOICE|1|1|18|0|0|1|12:08:05.000 PM 28-Sep-2026
CHOICE|1|1|18|2|0|2|12:08:09.000 PM 28-Sep-2026
CHOICE|1|1|18|2|0|-99|12:08:12.000 PM 28-Sep-2026
CONFIRM|1|1|18|12:08:26.000 PM 28-Sep-2026
CHOICE|1|1|19|1|0|1|12:08:38.000 PM 28-Sep-2026
CONFIRM|1|1|19|12:08:50.000 PM 28-Sep-2026
CHOICE|1|1|20|3|0|3|12:08:59.000 PM 28-Sep-2026
CHOICE|1|1|20|3|1|4|12:09:04.000 PM 28-Sep-2026
CONFIRM|1|1|20|12:09:05.000 PM 28-Sep-2026
SCORE|1|1|1|18|54|12
SCORE|1|1|2|9|59|19
SCORE|1|1|3|15|55|20
SCORE|1|1|4|19|68|20
SCORE|1|1|5|18|56|0
SCORE|1|1|6|20|39|9
SCORE|1|1|7|4|4|6
SCORE|1|1|8|9|16|4
SCORE|1|1|9|20|20|18
SCORE|1|1|10|11|33|3
SCORE|1|1|11|17|29|11
SCORE|1|1|12|20|46|10
SCORE|1|1|13|3|15|8
SCORE|1|1|14|3|32|18
SCORE|1|1|15|13|20|10
SCORE|1|1|16|11|53|7
SCORE|1|1|17|0|26|8
SCORE|1|1|18|3|14|0
SCORE|1|1|19|1|44|0
SCORE|1|1|20|0|20|2
PHASE|phase-1-2|12:09:13.000 PM 28-Sep-2026
STATE|1|2|0|0|animalCount|[0 2 4 4 4 3 3 3 5 8 9 4 2 0 1 3 7 1 8 6]
STATE|1|2|0|0|forageCount|5.38
STATE|1|2|0|0|forageMass|9.36
STATE|1|2|0|0|fenced?|true
STATE|1|2|0|0|attacked?|true
STATE|1|2|0|0|cropped|false
STATE|1|2|0|0|totalLivestock|[2 4 3 0 3 5 0 6 5 10 5 2 7 3 1 5 2 2 3 2]
STATE|1|2|0|0|treeCount|0.83
STATE|1|2|0|0|grassMass|4.81
STATE|1|2|0|0|pAttack|5.82
STATE|1|2|0|0|arable|true
STATE|1|2|0|0|totalHarvest|5.01
STATE|1|2|0|0|animalLoss|4.43
STATE|1|2|0|0|ownedBy|2
STATE|1|2|0|0|village|3
STATE|1|2|0|0|shared?|false
STATE|1|2|0|1|animalCount|[0 10 1 5 0 8 5 8 7 7 3 1 6 6 0 7 2 0 7 0]
STATE|1|2|0|1|forageCount|0.01
STATE|1|2|0|1|forageMass|8.19
STATE|1|2|0|1|fenced?|true
STATE|1|2|0|1|attacked?|false
STATE|1|2|0|1|cropped|true
STATE|1|2|0|1|totalLivestock|[3 7 10 3 1 1 9 8 9 9 10 10 5 1 1 9 7 0 5 10]
STATE|1|2|0|1|treeCount|6.85
STATE|1|2|0|1|grassMass|6.98
STATE|1|2|0|1|pAttack|7.01
STATE|1|2|0|1|arable|false
STATE|1|2|0|1|totalHarvest|7.26
STATE|1|2|0|1|animalLoss|9.07
STATE|1|2|0|1|ownedBy|1
STATE|1|2|0|1|village|3
STATE|1|2|0|1|shared?|false
STATE|1|2|0|2|animalCount|[3 9 9 5 1 3 6 0 5 8 1 8 1 1 5 1 1 6 9 1]
STATE|1|2|0|2|forageCount|4.01
STATE|1|2|0|2|forageMass|1.31
STATE|1|2|0|2|fenced?|false
STATE|1|2|0|2|attacked?|false
STATE|1|2|0|2|cropped|false
STATE|1|2|0|2|totalLivestock|[2 0 3 0 2 1 2 4 10 6 9 8 10 6 1 5 1 4 8 3]
STATE|1|2|0|2|treeCount|2.75
STATE|1|2|0|2|grassMass|7.08
STATE|1|2|0|2|pAttack|2.17
STATE|1|2|0|2|arable|false
STATE|1|2|0|2|totalHarvest|7.34
STATE|1|2|0|2|animalLoss|7.77
STATE|1|2|0|2|ownedBy|1
STATE|1|2|0|2|village|1
STATE|1|2|0|2|shared?|true
STATE|1|2|0|3|animalCount|[6 10 9 4 2 4 6 0 2 5 6 4 0 6 4 3 10 9 4 3]
STATE|1|2|0|3|forageCount|2.25
STATE|1|2|0|3|forageMass|0.01
STATE|1|2|0|3|fenced?|true
STATE|1|2|0|3|attacked?|false
STATE|1|2|0|3|cropped|true
STATE|1|2|0|3|totalLivestock|[3 6 8 5 7 5 3 3 8 0 1 2 8 9 10 7 10 3 2 7]
STATE|1|2|0|3|treeCount|6.52
STATE|1|2|0|3|grassMass|3.69
STATE|1|2|0|3|pAttack|2.77
STATE|1|2|0|3|arable|false
STATE|1|2|0|3|totalHarvest|7.22
STATE|1|2|0|3|animalLoss|4.72
STATE|1|2|0|3|ownedBy|0
STATE|1|2|0|3|village|0
STATE|1|2|0|3|shared?|true
STATE|1|2|1|0|animalCount|[0 4 6 4 3 2 9 4 1 8 10 7 10 4 9 3 7 3 0 8]
STATE|1|2|1|0|forageCount|2.33
STATE|1|2|1|0|forageMass|9.05
STATE|1|2|1|0|fenced?|false
STATE|1|2|1|0|attacked?|true
STATE|1|2|1|0|cropped|false
STATE|1|2|1|0|totalLivestock|[4 10 4 8 3 8 3 1 9 7 7 3 7 8 7 8 0 9 8 6]
STATE|1|2|1|0|treeCount|3.54
STATE|1|2|1|0|grassMass|1.92
STATE|1|2|1|0|pAttack|8.93
STATE|1|2|1|0|arable|false
STATE|1|2|1|0|totalHarvest|1.61
STATE|1|2|1|0|animalLoss|3.03
STATE|1|2|1|0|ownedBy|3
STATE|1|2|1|0|village|3
STATE|1|2|1|0|shared?|false
STATE|1|2|1|1|animalCount|[8 2 7 9 9 3 4 0 5 7 5 5 2 3 4 7 8 1 1 1]
STATE|1|2|1|1|forageCount|6.69
STATE|1|2|1|1|forageMass|9.73
STATE|1|2|1|1|fenced?|true
STATE|1|2|1|1|attacked?|false
STATE|1|2|1|1|cropped|true
STATE|1|2|1|1|totalLivestock|[1 2 10 4 10 0 10 3 10 0 6 10 0 9 0 7 4 8 8 5]
STATE|1|2|1|1|treeCount|0.45
STATE|1|2|1|1|grassMass|2.81
STATE|1|2|1|1|pAttack|3.93
STATE|1|2|1|1|arable|true
STATE|1|2|1|1|totalHarvest|6.49
STATE|1|2|1|1|animalLoss|6.13
STATE|1|2|1|1|ownedBy|1
STATE|1|2|1|1|village|0
STATE|1|2|1|1|shared?|false
STATE|1|2|1|2|animalCount|[0 7 3 2 7 2 10 4 2 10 10 9 10 0 7 7 2 0 3 9]
STATE|1|2|1|2|forageCount|8.73
STATE|1|2|1|2|forageMass|5.91
STATE|1|2|1|2|fenced?|false
STATE|1|2|1|2|attacked?|true
STATE|1|2|1|2|cropped|true
STATE|1|2|1|2|totalLivestock|[9 3 6 2 9 8 2 7 1 9 0 4 9 1 8 9 3 8 4 3]
STATE|1|2|1|2|treeCount|9.5
STATE|1|2|1|2|grassMass|2.63
STATE|1|2|1|2|pAttack|1.47
STATE|1|2|1|2|arable|false
STATE|1|2|1|2|totalHarvest|7.45
STATE|1|2|1|2|animalLoss|3.73
STATE|1|2|1|2|ownedBy|0
STATE|1|2|1|2|village|1
STATE|1|2|1|2|shared?|false
STATE|1|2|1|3|animalCount|[3 3 1 9 4 5 10 0 6 7 2 6 6 3 6 0 8 6 10 0]
STATE|1|2|1|3|forageCount|4.54
STATE|1|2|1|3|forageMass|0.61
STATE|1|2|1|3|fenced?|true
STATE|1|2|1|3|attacked?|false
STATE|1|2|1|3|cropped|false
STATE|1|2|1|3|totalLivestock|[9 7 7 5 7 2 1 9 1 7 7 5 5 3 6 8 9 7 8 6]
STATE|1|2|1|3|treeCount|1.9
STATE|1|2|1|3|grassMass|2.53
STATE|1|2|1|3|pAttack|9.42
STATE|1|2|1|3|arable|true
STATE|1|2|1|3|totalHarvest|9.46
STATE|1|2|1|3|animalLoss|7.6
STATE|1|2|1|3|ownedBy|3
STATE|1|2|1|3|village|3
STATE|1|2|1|3|shared?|true
STATE|1|2|2|0|animalCount|[10 9 7 1 3 0 2 7 3 2 6 0 10 4 4 10 5 0 9 6]
STATE|1|2|2|0|forageCount|7.67
STATE|1|2|2|0|forageMass|1.46
STATE|1|2|2|0|fenced?|true
STATE|1|2|2|0|attacked?|true
STATE|1|2|2|0|cropped|false
STATE|1|2|2|0|totalLivestock|[9 4 3 7 1 2 3 6 3 3 10 0 10 0 0 7 8 3 4 7]
STATE|1|2|2|0|treeCount|2.57
STATE|1|2|2|0|grassMass|8.96
STATE|1|2|2|0|pAttack|0.68
STATE|1|2|2|0|arable|true
STATE|1|2|2|0|totalHarvest|4.5
STATE|1|2|2|0|animalLoss|0.59
STATE|1|2|2|0|ownedBy|0
STATE|1|2|2|0|village|3
STATE|1|2|2|0|shared?|true
STATE|1|2|2|1|animalCount|[8 6 3 3 1 9 6 2 1 4 1 5 10 7 10 3 10 2 2 1]
STATE|1|2|2|1|forageCount|5.3
STATE|1|2|2|1|forageMass|1.95
STATE|1|2|2|1|fenced?|false
STATE|1|2|2|1|attacked?|false
STATE|1|2|2|1|cropped|true
STATE|1|2|2|1|totalLivestock|[2 7 0 1 8 0 3 6 1 7 5 2 5 9 5 2 7 8 2 5]
STATE|1|2|2|1|treeCount|0.75
STATE|1|2|2|1|grassMass|8.16
STATE|1|2|2|1|pAttack|3.03
STATE|1|2|2|1|arable|false
STATE|1|2|2|1|totalHarvest|7.52
STATE|1|2|2|1|animalLoss|0.89
STATE|1|2|2|1|ownedBy|2
STATE|1|2|2|1|village|0
STATE|1|2|2|1|shared?|true
STATE|1|2|2|2|animalCount|[5 7 9 3 6 3 1 3 9 10 6 2 2 6 10 9 9 3 0 6]
STATE|1|2|2|2|forageCount|0.38
STATE|1|2|2|2|forageMass|0.92
STATE|1|2|2|2|fenced?|false
STATE|1|2|2|2|attacked?|false
STATE|1|2|2|2|cropped|false
STATE|1|2|2|2|totalLivestock|[1 10 1 2 0 8 10 10 9 10 1 4 0 0 10 8 3 5 2 9]
STATE|1|2|2|2|treeCount|0.91
STATE|1|2|2|2|grassMass|6.77
STATE|1|2|2|2|pAttack|8.48
STATE|1|2|2|2|arable|true
STATE|1|2|2|2|totalHarvest|3.35
STATE|1|2|2|2|animalLoss|9.25
STATE|1|2|2|2|ownedBy|3
STATE|1|2|2|2|village|0
STATE|1|2|2|2|shared?|false
STATE|1|2|2|3|animalCount|[3 3 10 0 7 6 7 8 3 1 5 10 0 9 1 4 7 3 4 8]
STATE|1|2|2|3|forageCount|7.67
STATE|1|2|2|3|forageMass|4.06
STATE|1|2|2|3|fenced?|false
STATE|1|2|2|3|attacked?|true
STATE|1|2|2|3|cropped|true
STATE|1|2|2|3|totalLivestock|[10 0 9 2 3 4 10 3 8 1 6 7 4 8 3 5 1 0 4 4]
STATE|1|2|2|3|treeCount|7.37
STATE|1|2|2|3|grassMass|7.77
STATE|1|2|2|3|pAttack|4.9
STATE|1|2|2|3|arable|false
STATE|1|2|2|3|totalHarvest|9.85
STATE|1|2|2|3|animalLoss|8.27
STATE|1|2|2|3|ownedBy|0
STATE|1|2|2|3|village|3
STATE|1|2|2|3|shared?|false
STATE|1|2|3|0|animalCount|[2 9 0 10 5 8 2 8 8 10 7 7 2 2 6 7 3 8 8 3]
STATE|1|2|3|0|forageCount|3.98
STATE|1|2|3|0|forageMass|5.11
STATE|1|2|3|0|fenced?|false
STATE|1|2|3|0|attacked?|false
STATE|1|2|3|0|cropped|false
STATE|1|2|3|0|totalLivestock|[8 0 7 9 5 8 4 1 9 10 3 7 6 1 5 4 5 2 1 5]
STATE|1|2|3|0|treeCount|8.02
STATE|1|2|3|0|grassMass|9.41
STATE|1|2|3|0|pAttack|1.2
STATE|1|2|3|0|arable|false
STATE|1|2|3|0|totalHarvest|8.33
STATE|1|2|3|0|animalLoss|0.39
STATE|1|2|3|0|ownedBy|2
STATE|1|2|3|0|village|3
STATE|1|2|3|0|shared?|true
STATE|1|2|3|1|animalCount|[0 8 6 3 9 8 4 0 1 6 2 5 2 3 5 10 0 3 1 5]
STATE|1|2|3|1|forageCount|8.19
STATE|1|2|3|1|forageMass|5.4
STATE|1|2|3|1|fenced?|false
STATE|1|2|3|1|attacked?|true
STATE|1|2|3|1|cropped|true
STATE|1|2|3|1|totalLivestock|[1 2 8 1 10 9 0 6 6 6 1 6 2 3 6 10 1 5 10 3]
STATE|1|2|3|1|treeCount|3.37
STATE|1|2|3|1|grassMass|2.72
STATE|1|2|3|1|pAttack|5.11
STATE|1|2|3|1|arable|true
STATE|1|2|3|1|totalHarvest|6.39
STATE|1|2|3|1|animalLoss|4.43
STATE|1|2|3|1|ownedBy|2
STATE|1|2|3|1|village|1
STATE|1|2|3|1|shared?|false
STATE|1|2|3|2|animalCount|[3 7 7 1 5 4 2 8 3 7 8 4 9 8 5 6 1 6 7 7]
STATE|1|2|3|2|forageCount|9.35
STATE|1|2|3|2|forageMass|7.99
STATE|1|2|3|2|fenced?|false
STATE|1|2|3|2|attacked?|true
STATE|1|2|3|2|cropped|true
STATE|1|2|3|2|totalLivestock|[4 9 10 0 1 4 4 7 0 4 1 9 10 4 10 4 0 5 1 8]
STATE|1|2|3|2|treeCount|1.09
STATE|1|2|3|2|grassMass|9.18
STATE|1|2|3|2|pAttack|6.92
STATE|1|2|3|2|arable|true
STATE|1|2|3|2|totalHarvest|4.43
STATE|1|2|3|2|animalLoss|4.92
STATE|1|2|3|2|ownedBy|3
STATE|1|2|3|2|village|0
STATE|1|2|3|2|shared?|false
STATE|1|2|3|3|animalCount|[5 5 8 3 5 2 5 0 6 5 5 5 5 7 6 2 0 4 2 2]
STATE|1|2|3|3|forageCount|8.11
STATE|1|2|3|3|forageMass|9.63
STATE|1|2|3|3|fenced?|false
STATE|1|2|3|3|attacked?|true
STATE|1|2|3|3|cropped|false
STATE|1|2|3|3|totalLivestock|[3 6 4 2 5 7 0 4 3 9 8 2 5 1 8 8 0 2 3 7]
STATE|1|2|3|3|treeCount|1.89
STATE|1|2|3|3|grassMass|6.56
STATE|1|2|3|3|pAttack|0.86
STATE|1|2|3|3|arable|false
STATE|1|2|3|3|totalHarvest|3.07
STATE|1|2|3|3|animalLoss|2.49
STATE|1|2|3|3|ownedBy|2
STATE|1|2|3|3|village|2
STATE|1|2|3|3|shared?|true
CHOICE|1|2|1|2|1|-99|12:09:21.000 PM 28-Sep-2026
CHOICE|1|2|1|3|0|2|12:09:24.000 PM 28-Sep-2026
CHOICE|1|2|1|2|2|1|12:09:32.000 PM 28-Sep-2026
CONFIRM|1|2|1|12:09:43.000 PM 28-Sep-2026
CHOICE|1|2|2|2|3|3|12:09:52.000 PM 28-Sep-2026
CHOICE|1|2|2|0|1|-99|12:10:04.000 PM 28-Sep-2026
CONFIRM|1|2|2|12:10:15.000 PM 28-Sep-2026
CHOICE|1|2|3|1|0|-99|12:10:20.000 PM 28-Sep-2026
CHOICE|1|2|3|2|1|1|12:10:35.000 PM 28-Sep-2026
CONFIRM|1|2|3|12:10:46.000 PM 28-Sep-2026
CHOICE|1|2|4|1|3|-99|12:10:57.000 PM 28-Sep-2026
CHOICE|1|2|4|0|1|2|12:11:00.000 PM 28-Sep-2026
CHOICE|1|2|4|0|1|-99|12:11:09.000 PM 28-Sep-2026
CONFIRM|1|2|4|12:11:12.000 PM 28-Sep-2026
CHOICE|1|2|5|0|3|-99|12:11:20.000 PM 28-Sep-2026
CONFIRM|1|2|5|12:11:28.000 PM 28-Sep-2026
CHOICE|1|2|6|1|2|3|12:11:32.000 PM 28-Sep-2026
CHOICE|1|2|6|3|0|-99|12:11:34.000 PM 28-Sep-2026
CHOICE|1|2|6|3|0|1|12:11:48.000 PM 28-Sep-2026
CONFIRM|1|2|6|12:12:00.000 PM 28-Sep-2026
CHOICE|1|2|7|2|3|-99|12:12:10.000 PM 28-Sep-2026
CONFIRM|1|2|7|12:12:12.000 PM 28-Sep-2026
CHOICE|1|2|8|1|2|3|12:12:15.000 PM 28-Sep-2026
CHOICE|1|2|8|1|2|4|12:12:29.000 PM 28-Sep-2026
CHOICE|1|2|8|2|0|4|12:12:41.000 PM 28-Sep-2026
CONFIRM|1|2|8|12:12:50.000 PM 28-Sep-2026
CHOICE|1|2|9|0|3|-99|12:12:54.000 PM 28-Sep-2026
CONFIRM|1|2|9|12:12:55.000 PM 28-Sep-2026
CHOICE|1|2|10|0|1|3|12:12:58.000 PM 28-Sep-2026
CHOICE|1|2|10|0|3|-99|12:13:06.000 PM 28-Sep-2026
CHOICE|1|2|10|1|1|1|12:13:21.000 PM 28-Sep-2026
CONFIRM|1|2|10|12:13:23.000 PM 28-Sep-2026
CHOICE|1|2|11|1|1|4|12:13:36.000 PM 28-Sep-2026
CONFIRM|1|2|11|12:13:38.000 PM 28-Sep-2026
CHOICE|1|2|12|2|0|-99|12:13:48.000 PM 28-Sep-2026
CHOICE|1|2|12|2|0|-99|12:14:02.000 PM 28-Sep-2026
CHOICE|1|2|12|2|1|3|12:14:03.000 PM 28-Sep-2026
CONFIRM|1|2|12|12:14:04.000 PM 28-Sep-2026
CHOICE|1|2|13|2|3|4|12:14:11.000 PM 28-Sep-2026
CHOICE|1|2|13|3|2|-99|12:14:24.000 PM 28-Sep-2026
CONFIRM|1|2|13|12:14:36.000 PM 28-Sep-2026
CHOICE|1|2|14|0|0|-99|12:14:38.000 PM 28-Sep-2026
CHOICE|1|2|14|0|0|-99|12:14:44.000 PM 28-Sep-2026
CONFIRM|1|2|14|12:14:48.000 PM 28-Sep-2026
CHOICE|1|2|15|0|1|-99|12:14:53.000 PM 28-Sep-2026
CHOICE|1|2|15|1|2|-99|12:15:02.000 PM 28-Sep-2026
CHOICE|1|2|15|1|0|1|12:15:14.000 PM 28-Sep-2026
CONFIRM|1|2|15|12:15:17.000 PM 28-Sep-2026
CHOICE|1|2|16|0|0|1|12:15:22.000 PM 28-Sep-2026
CHOICE|1|2|16|1|0|4|12:15:34.000 PM 28-Sep-2026
CHOICE|1|2|16|1|0|1|12:15:49.000 PM 28-Sep-2026
CONFIRM|1|2|16|12:15:51.000 PM 28-Sep-2026
CHOICE|1|2|17|0|3|3|12:15:56.000 PM 28-Sep-2026
CHOICE|1|2|17|2|2|-99|12:15:58.000 PM 28-Sep-2026
CHOICE|1|2|17|2|0|-99|12:16:04.000 PM 28-Sep-2026
CONFIRM|1|2|17|12:16:07.000 PM 28-Sep-2026
CHOICE|1|2|18|1|1|1|12:16:12.000 PM 28-Sep-2026
CHOICE|1|2|18|3|2|4|12:16:18.000 PM 28-Sep-2026
CHOICE|1|2|18|0|3|-99|12:16:22.000 PM 28-Sep-2026
CONFIRM|1|2|18|12:16:24.000 PM 28-Sep-2026
CHOICE|1|2|19|3|2|-99|12:16:35.000 PM 28-Sep-2026
CHOICE|1|2|19|3|2|-99|12:16:39.000 PM 28-Sep-2026
CONFIRM|1|2|19|12:16:52.000 PM 28-Sep-2026
CHOICE|1|2|20|1|1|-99|12:16:58.000 PM 28-Sep-2026
CONFIRM|1|2|20|12:17:03.000 PM 28-Sep-2026
SCORE|1|2|1|0|26|7
SCORE|1|2|2|17|59|4
SCORE|1|2|3|20|43|15
SCORE|1|2|4|14|49|0
SCORE|1|2|5|1|2|3
SCORE|1|2|6|2|13|17
SCORE|1|2|7|9|23|3
SCORE|1|2|8|7|41|13
SCORE|1|2|9|8|17|12
SCORE|1|2|10|3|14|13
SCORE|1|2|11|11|56|13
SCORE|1|2|12|12|60|12
SCORE|1|2|13|20|39|7
SCORE|1|2|14|4|4|9
SCORE|1|2|15|3|42|6
SCORE|1|2|16|6|29|4
SCORE|1|2|17|10|48|15
SCORE|1|2|18|14|51|16
SCORE|1|2|19|7|53|11
SCORE|1|2|20|5|30|2
PHASE|phase-2-1|12:17:14.000 PM 28-Sep-2026
STATE|2|1|0|0|animalCount|[6 3 2 9 3 9 7 2 6 7 3 10 1 7 3 5 2 4 3 0]
STATE|2|1|0|0|forageCount|4.65
STATE|2|1|0|0|forageMass|6.3
STATE|2|1|0|0|fenced?|true
STATE|2|1|0|0|attacked?|true
STATE|2|1|0|0|cropped|true
STATE|2|1|0|0|totalLivestock|[5 10 9 5 10 9 2 10 3 10 1 2 0 1 3 7 8 5 10 7]
STATE|2|1|0|0|treeCount|4.41
STATE|2|1|0|0|grassMass|4.03
STATE|2|1|0|0|pAttack|7.43
STATE|2|1|0|0|arable|false
STATE|2|1|0|0|totalHarvest|5.95
STATE|2|1|0|0|animalLoss|9.31
STATE|2|1|0|0|ownedBy|0
STATE|2|1|0|0|village|3
STATE|2|1|0|0|shared?|true
STATE|2|1|0|1|animalCount|[6 6 4 5 4 10 8 5 1 4 1 2 0 8 6 9 8 2 1 1]
STATE|2|1|0|1|forageCount|5.18
STATE|2|1|0|1|forageMass|0.59
STATE|2|1|0|1|fenced?|true
STATE|2|1|0|1|attacked?|true
STATE|2|1|0|1|cropped|false
STATE|2|1|0|1|totalLivestock|[8 1 6 2 4 9 9 6 8 8 3 6 6 6 6 0 0 7 8 5]
STATE|2|1|0|1|treeCount|6.29
STATE|2|1|0|1|grassMass|8.41
STATE|2|1|0|1|pAttack|9.98
STATE|2|1|0|1|arable|false
STATE|2|1|0|1|totalHarvest|6.21
STATE|2|1|0|1|animalLoss|3.65
STATE|2|1|0|1|ownedBy|0
STATE|2|1|0|1|village|0
STATE|2|1|0|1|shared?|true
STATE|2|1|0|2|animalCount|[3 10 6 5 3 4 1 4 10 1 4 7 1 9 8 9 0 6 3 1]
STATE|2|1|0|2|forageCount|9.58
STATE|2|1|0|2|forageMass|2.46
STATE|2|1|0|2|fenced?|true
STATE|2|1|0|2|attacked?|true
STATE|2|1|0|2|cropped|false
STATE|2|1|0|2|totalLivestock|[3 7 8 7 1 4 0 8 6 3 6 1 3 0 3 5 4 10 4 9]
STATE|2|1|0|2|treeCount|9.89
STATE|2|1|0|2|grassMass|3.07
STATE|2|1|0|2|pAttack|4.44
STATE|2|1|0|2|arable|false
STATE|2|1|0|2|totalHarvest|6.09
STATE|2|1|0|2|animalLoss|8.56
STATE|2|1|0|2|ownedBy|3
STATE|2|1|0|2|village|3
STATE|2|1|0|2|shared?|true
STATE|2|1|0|3|animalCount|[10 2 8 0 10 5 10 9 1 0 5 2 3 10 9 1 8 3 2 2]
STATE|2|1|0|3|forageCount|2.25
STATE|2|1|0|3|forageMass|8.71
STATE|2|1|0|3|fenced?|true
STATE|2|1|0|3|attacked?|false
STATE|2|1|0|3|cropped|false
STATE|2|1|0|3|totalLivestock|[5 3 3 4 2 8 0 4 7 0 2 6 4 9 8 5 7 6 10 5]
STATE|2|1|0|3|treeCount|5.38
STATE|2|1|0|3|grassMass|5.19
STATE|2|1|0|3|pAttack|2.67
STATE|2|1|0|3|arable|false
STATE|2|1|0|3|totalHarvest|7.06
STATE|2|1|0|3|animalLoss|9.16
STATE|2|1|0|3|ownedBy|3
STATE|2|1|0|3|village|2
STATE|2|1|0|3|shared?|false
STATE|2|1|1|0|animalCount|[6 3 0 3 7 0 3 8 1 7 0 9 3 10 8 7 5 7 10 10]
STATE|2|1|1|0|forageCount|8.82
STATE|2|1|1|0|forageMass|7.65
STATE|2|1|1|0|fenced?|false
STATE|2|1|1|0|attacked?|false
STATE|2|1|1|0|cropped|false
STATE|2|1|1|0|totalLivestock|[9 3 6 8 3 1 0 1 3 1 10 7 5 7 1 10 8 6 0 4]
STATE|2|1|1|0|treeCount|1.83
STATE|2|1|1|0|grassMass|8.23
STATE|2|1|1|0|pAttack|9.45
STATE|2|1|1|0|arable|true
STATE|2|1|1|0|totalHarvest|7.18
STATE|2|1|1|0|animalLoss|2.62
STATE|2|1|1|0|ownedBy|0
STATE|2|1|1|0|village|2
STATE|2|1|1|0|shared?|true
STATE|2|1|1|1|animalCount|[1 0 3 8 1 6 7 7 2 8 8 5 9 6 2 1 7 10 1 8]
STATE|2|1|1|1|forageCount|2.82
STATE|2|1|1|1|forageMass|3.83
STATE|2|1|1|1|fenced?|true
STATE|2|1|1|1|attacked?|false
STATE|2|1|1|1|cropped|false
STATE|2|1|1|1|totalLivestock|[9 10 8 9 5 1 2 6 5 10 5 2 8 5 5 0 2 9 10 3]
STATE|2|1|1|1|treeCount|1.42
STATE|2|1|1|1|grassMass|6.87
STATE|2|1|1|1|pAttack|5.82
STATE|2|1|1|1|arable|true
STATE|2|1|1|1|totalHarvest|5.03
STATE|2|1|1|1|animalLoss|3.01
STATE|2|1|1|1|ownedBy|2
STATE|2|1|1|1|village|3
STATE|2|1|1|1|shared?|true
STATE|2|1|1|2|animalCount|[2 8 6 8 8 7 4 9 2 8 7 6 7 4 7 6 2 5 5 7]
STATE|2|1|1|2|forageCount|8.65
STATE|2|1|1|2|forageMass|5.52
STATE|2|1|1|2|fenced?|true
STATE|2|1|1|2|attacked?|false
STATE|2|1|1|2|cropped|true
STATE|2|1|1|2|totalLivestock|[3 8 10 9 2 10 8 6 9 6 10 4 7 4 5 5 8 5 5 8]
STATE|2|1|1|2|treeCount|8.06
STATE|2|1|1|2|grassMass|5.99
STATE|2|1|1|2|pAttack|5.54
STATE|2|1|1|2|arable|false
STATE|2|1|1|2|totalHarvest|6.33
STATE|2|1|1|2|animalLoss|7.58
STATE|2|1|1|2|ownedBy|0
STATE|2|1|1|2|village|2
STATE|2|1|1|2|shared?|false
STATE|2|1|1|3|animalCount|[6 10 6 6 1 1 4 7 3 10 0 10 9 8 9 2 4 3 10 10]
STATE|2|1|1|3|forageCount|3.15
STATE|2|1|1|3|forageMass|6.85
STATE|2|1|1|3|fenced?|false
STATE|2|1|1|3|attacked?|false
STATE|2|1|1|3|cropped|true
STATE|2|1|1|3|totalLivestock|[5 4 4 1 0 5 1 10 3 6 10 4 9 7 9 3 7 0 3 7]
STATE|2|1|1|3|treeCount|7.12
STATE|2|1|1|3|grassMass|4.31
STATE|2|1|1|3|pAttack|7.96
STATE|2|1|1|3|arable|false
STATE|2|1|1|3|totalHarvest|6.89
STATE|2|1|1|3|animalLoss|0.7
STATE|2|1|1|3|ownedBy|0
STATE|2|1|1|3|village|1
STATE|2|1|1|3|shared?|true
STATE|2|1|2|0|animalCount|[0 8 9 1 2 10 4 10 4 10 5 0 2 5 2 7 9 1 8 4]
STATE|2|1|2|0|forageCount|8.21
STATE|2|1|2|0|forageMass|8.26
STATE|2|1|2|0|fenced?|false
STATE|2|1|2|0|attacked?|true
STATE|2|1|2|0|cropped|true
STATE|2|1|2|0|totalLivestock|[7 8 0 10 6 5 1 9 10 3 2 5 7 8 1 1 9 9 7 5]
STATE|2|1|2|0|treeCount|2.27
STATE|2|1|2|0|grassMass|5.68
STATE|2|1|2|0|pAttack|3.1
STATE|2|1|2|0|arable|false
STATE|2|1|2|0|totalHarvest|3.98
STATE|2|1|2|0|animalLoss|8.04
STATE|2|1|2|0|ownedBy|0
STATE|2|1|2|0|village|0
STATE|2|1|2|0|shared?|false
STATE|2|1|2|1|animalCount|[1 10 2 6 2 4 4 10 2 0 4 5 6 6 0 7 4 8 9 5]
STATE|2|1|2|1|forageCount|4.49
STATE|2|1|2|1|forageMass|8.09
STATE|2|1|2|1|fenced?|true
STATE|2|1|2|1|attacked?|false
STATE|2|1|2|1|cropped|true
STATE|2|1|2|1|totalLivestock|[3 10 2 5 1 7 7 8 7 7 6 9 6 8 6 9 5 7 2 6]
STATE|2|1|2|1|treeCount|4.96
STATE|2|1|2|1|grassMass|1.36
STATE|2|1|2|1|pAttack|0.34
STATE|2|1|2|1|arable|false
STATE|2|1|2|1|totalHarvest|7.01
STATE|2|1|2|1|animalLoss|9.71
STATE|2|1|2|1|ownedBy|0
STATE|2|1|2|1|village|2
STATE|2|1|2|1|shared?|false
STATE|2|1|2|2|animalCount|[10 1 8 5 0 9 7 1 2 9 3 0 3 1 4 1 7 2 1 10]
STATE|2|1|2|2|forageCount|0.08
STATE|2|1|2|2|forageMass|8.82
STATE|2|1|2|2|fenced?|true
STATE|2|1|2|2|attacked?|true
STATE|2|1|2|2|cropped|true
STATE|2|1|2|2|totalLivestock|[7 0 10 6 10 9 8 7 8 0 3 3 1 7 6 0 2 6 8 3]
STATE|2|1|2|2|treeCount|5.54
STATE|2|1|2|2|grassMass|1.46
STATE|2|1|2|2|pAttack|0.43
STATE|2|1|2|2|arable|false
STATE|2|1|2|2|totalHarvest|7.86
STATE|2|1|2|2|animalLoss|3.25
STATE|2|1|2|2|ownedBy|3
STATE|2|1|2|2|village|0
STATE|2|1|2|2|shared?|true
STATE|2|1|2|3|animalCount|[7 10 5 10 1 2 0 9 0 0 4 3 3 3 0 4 2 6 10 8]
STATE|2|1|2|3|forageCount|0.25
STATE|2|1|2|3|forageMass|2.51
STATE|2|1|2|3|fenced?|true
STATE|2|1|2|3|attacked?|false
STATE|2|1|2|3|cropped|true
STATE|2|1|2|3|totalLivestock|[1 10 0 0 8 3 6 10 4 7 8 7 4 10 10 7 10 8 1 6]
STATE|2|1|2|3|treeCount|8.4
STATE|2|1|2|3|grassMass|6.96
STATE|2|1|2|3|pAttack|8.52
STATE|2|1|2|3|arable|true
STATE|2|1|2|3|totalHarvest|5.8
STATE|2|1|2|3|animalLoss|3.71
STATE|2|1|2|3|ownedBy|1
STATE|2|1|2|3|village|1
STATE|2|1|2|3|shared?|false
STATE|2|1|3|0|animalCount|[10 3 5 0 10 5 1 5 8 4 0 4 9 10 0 7 9 0 3 0]
STATE|2|1|3|0|forageCount|8.18
STATE|2|1|3|0|forageMass|8.12
STATE|2|1|3|0|fenced?|false
STATE|2|1|3|0|attacked?|true
STATE|2|1|3|0|cropped|true
STATE|2|1|3|0|totalLivestock|[5 9 6 2 2 10 0 8 8 7 1 9 5 1 8 8 7 2 7 6]
STATE|2|1|3|0|treeCount|8.44
STATE|2|1|3|0|grassMass|7.86
STATE|2|1|3|0|pAttack|6.48
STATE|2|1|3|0|arable|false
STATE|2|1|3|0|totalHarvest|2.45
STATE|2|1|3|0|animalLoss|4.4
STATE|2|1|3|0|ownedBy|3
STATE|2|1|3|0|village|3
STATE|2|1|3|0|shared?|false
STATE|2|1|3|1|animalCount|[2 1 1 6 1 2 7 7 5 1 3 7 7 6 7 3 4 2 0 10]
STATE|2|1|3|1|forageCount|0.5
STATE|2|1|3|1|forageMass|8.3
STATE|2|1|3|1|fenced?|true
STATE|2|1|3|1|attacked?|false
STATE|2|1|3|1|cropped|false
STATE|2|1|3|1|totalLivestock|[9 1 9 2 0 2 1 6 5 7 3 5 10 9 10 0 6 3 3 2]
STATE|2|1|3|1|treeCount|8.57
STATE|2|1|3|1|grassMass|8.05
STATE|2|1|3|1|pAttack|0.76
STATE|2|1|3|1|arable|false
STATE|2|1|3|1|totalHarvest|9.64
STATE|2|1|3|1|animalLoss|1.12
STATE|2|1|3|1|ownedBy|1
STATE|2|1|3|1|village|1
STATE|2|1|3|1|shared?|false
STATE|2|1|3|2|animalCount|[1 0 1 10 4 6 9 0 0 7 0 10 3 10 9 9 5 1 5 4]
STATE|2|1|3|2|forageCount|7.62
STATE|2|1|3|2|forageMass|5.81
STATE|2|1|3|2|fenced?|true
STATE|2|1|3|2|attacked?|true
STATE|2|1|3|2|cropped|false
STATE|2|1|3|2|totalLivestock|[9 6 4 1 3 3 6 9 4 8 2 0 10 7 4 3 2 10 10 6]
STATE|2|1|3|2|treeCount|7.23
STATE|2|1|3|2|grassMass|3.35
STATE|2|1|3|2|pAttack|2.38
STATE|2|1|3|2|arable|true
STATE|2|1|3|2|totalHarvest|0.93
STATE|2|1|3|2|animalLoss|2.96
STATE|2|1|3|2|ownedBy|3
STATE|2|1|3|2|village|0
STATE|2|1|3|2|shared?|true
STATE|2|1|3|3|animalCount|[6 4 4 2 7 1 7 10 5 9 6 9 10 7 4 5 5 1 7 9]
STATE|2|1|3|3|forageCount|1.88
STATE|2|1|3|3|forageMass|6.07
STATE|2|1|3|3|fenced?|false
STATE|2|1|3|3|attacked?|false
STATE|2|1|3|3|cropped|false
STATE|2|1|3|3|totalLivestock|[3 0 1 9 5 1 5 9 8 4 8 7 7 8 8 3 6 8 7 5]
STATE|2|1|3|3|treeCount|1.31
STATE|2|1|3|3|grassMass|4.0
STATE|2|1|3|3|pAttack|5.5
STATE|2|1|3|3|arable|true
STATE|2|1|3|3|totalHarvest|9.82
STATE|2|1|3|3|animalLoss|0.97
STATE|2|1|3|3|ownedBy|0
STATE|2|1|3|3|village|2
STATE|2|1|3|3|shared?|true
CHOICE|2|1|1|1|3|1|12:17:28.000 PM 28-Sep-2026
CHOICE|2|1|1|0|3|4|12:17:42.000 PM 28-Sep-2026
CHOICE|2|1|1|2|2|-99|12:17:51.000 PM 28-Sep-2026
CONFIRM|2|1|1|12:18:06.000 PM 28-Sep-2026
CHOICE|2|1|2|3|3|1|12:18:07.000 PM 28-Sep-2026
CHOICE|2|1|2|0|2|1|12:18:08.000 PM 28-Sep-2026
CHOICE|2|1|2|0|0|4|12:18:23.000 PM 28-Sep-2026
CONFIRM|2|1|2|12:18:36.000 PM 28-Sep-2026
CHOICE|2|1|3|0|3|3|12:18:48.000 PM 28-Sep-2026
CONFIRM|2|1|3|12:18:50.000 PM 28-Sep-2026
CHOICE|2|1|4|3|2|2|12:19:01.000 PM 28-Sep-2026
CONFIRM|2|1|4|12:19:14.000 PM 28-Sep-2026
CHOICE|2|1|5|0|3|-99|12:19:15.000 PM 28-Sep-2026
CONFIRM|2|1|5|12:19:21.000 PM 28-Sep-2026
CHOICE|2|1|6|0|1|-99|12:19:35.000 PM 28-Sep-2026
CHOICE|2|1|6|0|3|4|12:19:38.000 PM 28-Sep-2026
CHOICE|2|1|6|0|2|-99|12:19:49.000 PM 28-Sep-2026
CONFIRM|2|1|6|12:19:54.000 PM 28-Sep-2026
CHOICE|2|1|7|3|1|2|12:20:00.000 PM 28-Sep-2026
CHOICE|2|1|7|3|1|1|12:20:07.000 PM 28-Sep-2026
CONFIRM|2|1|7|12:20:09.000 PM 28-Sep-2026
CHOICE|2|1|8|2|2|2|12:20:10.000 PM 28-Sep-2026
CHOICE|2|1|8|2|2|3|12:20:19.000 PM 28-Sep-2026
CHOICE|2|1|8|0|0|-99|12:20:30.000 PM 28-Sep-2026
CONFIRM|2|1|8|12:20:36.000 PM 28-Sep-2026
CHOICE|2|1|9|1|1|-99|12:20:50.000 PM 28-Sep-2026
CHOICE|2|1|9|2|0|3|12:21:01.000 PM 28-Sep-2026
CONFIRM|2|1|9|12:21:07.000 PM 28-Sep-2026
CHOICE|2|1|10|3|1|4|12:21:22.000 PM 28-Sep-2026
CHOICE|2|1|10|3|3|-99|12:21:29.000 PM 28-Sep-2026
CONFIRM|2|1|10|12:21:44.000 PM 28-Sep-2026
CHOICE|2|1|11|3|3|-99|12:21:59.000 PM 28-Sep-2026
CONFIRM|2|1|11|12:22:04.000 PM 28-Sep-2026
CHOICE|2|1|12|0|2|3|12:22:08.000 PM 28-Sep-2026
CONFIRM|2|1|12|12:22:11.000 PM 28-Sep-2026
CHOICE|2|1|13|2|2|4|12:22:12.000 PM 28-Sep-2026
CHOICE|2|1|13|3|1|4|12:22:17.000 PM 28-Sep-2026
CONFIRM|2|1|13|12:22:29.000 PM 28-Sep-2026
CHOICE|2|1|14|3|2|4|12:22:33.000 PM 28-Sep-2026
CHOICE|2|1|14|2|0|2|12:22:39.000 PM 28-Sep-2026
CONFIRM|2|1|14|12:22:50.000 PM 28-Sep-2026
CHOICE|2|1|15|3|2|-99|12:22:58.000 PM 28-Sep-2026
CHOICE|2|1|15|0|0|1|12:23:07.000 PM 28-Sep-2026
CHOICE|2|1|15|3|0|-99|12:23:12.000 PM 28-Sep-2026
CONFIRM|2|1|15|12:23:13.000 PM 28-Sep-2026
CHOICE|2|1|16|3|1|-99|12:23:24.000 PM 28-Sep-2026
CHOICE|2|1|16|1|2|-99|12:23:35.000 PM 28-Sep-2026
CHOICE|2|1|16|0|0|-99|12:23:39.000 PM 28-Sep-2026
CONFIRM|2|1|16|12:23:48.000 PM 28-Sep-2026
CHOICE|2|1|17|1|2|-99|12:23:49.000 PM 28-Sep-2026
CHOICE|2|1|17|1|3|-99|12:24:04.000 PM 28-Sep-2026
CHOICE|2|1|17|2|1|-99|12:24:17.000 PM 28-Sep-2026
CONFIRM|2|1|17|12:24:19.000 PM 28-Sep-2026
CHOICE|2|1|18|3|2|1|12:24:25.000 PM 28-Sep-2026
CHOICE|2|1|18|3|2|-99|12:24:27.000 PM 28-Sep-2026
CHOICE|2|1|18|3|0|-99|12:24:34.000 PM 28-Sep-2026
CONFIRM|2|1|18|12:24:48.000 PM 28-Sep-2026
CHOICE|2|1|19|2|1|4|12:25:03.000 PM 28-Sep-2026
CHOICE|2|1|19|0|0|2|12:25:16.000 PM 28-Sep-2026
CONFIRM|2|1|19|12:25:26.000 PM 28-Sep-2026
CHOICE|2|1|20|1|1|-99|12:25:38.000 PM 28-Sep-2026
CHOICE|2|1|20|0|3|2|12:25:47.000 PM 28-Sep-2026
CHOICE|2|1|20|0|3|-99|12:25:48.000 PM 28-Sep-2026
CONFIRM|2|1|20|12:26:01.000 PM 28-Sep-2026
SCORE|2|1|1|6|40|17
SCORE|2|1|2|6|10|12
SCORE|2|1|3|14|50|6
SCORE|2|1|4|6|19|17
SCORE|2|1|5|16|23|5
SCORE|2|1|6|2|15|11
SCORE|2|1|7|12|25|6
SCORE|2|1|8|18|43|10
SCORE|2|1|9|19|54|15
SCORE|2|1|10|18|45|17
SCORE|2|1|11|19|46|4
SCORE|2|1|12|0|28|8
SCORE|2|1|13|9|10|16
SCORE|2|1|14|13|54|7
SCORE|2|1|15|12|61|18
SCORE|2|1|16|13|38|0
SCORE|2|1|17|12|15|3
SCORE|2|1|18|20|64|15
SCORE|2|1|19|1|40|11
SCORE|2|1|20|6|6|14
PHASE|phase-2-2|12:26:10.000 PM 28-Sep-2026
STATE|2|2|0|0|animalCount|[5 10 9 2 5 2 2 10 8 1 1 1 5 10 3 2 10 6 1 10]
STATE|2|2|0|0|forageCount|3.15
STATE|2|2|0|0|forageMass|4.79
STATE|2|2|0|0|fenced?|false
STATE|2|2|0|0|attacked?|true
STATE|2|2|0|0|cropped|true
STATE|2|2|0|0|totalLivestock|[7 2 3 8 1 3 7 4 10 6 4 1 10 4 2 7 5 7 3 8]
STATE|2|2|0|0|treeCount|3.35
STATE|2|2|0|0|grassMass|7.51
STATE|2|2|0|0|pAttack|8.93
STATE|2|2|0|0|arable|true
STATE|2|2|0|0|totalHarvest|4.03
STATE|2|2|0|0|animalLoss|6.1
STATE|2|2|0|0|ownedBy|1
STATE|2|2|0|0|village|0
STATE|2|2|0|0|shared?|true
STATE|2|2|0|1|animalCount|[4 4 7 10 2 4 8 10 3 0 4 0 2 1 4 5 7 5 8 0]
STATE|2|2|0|1|forageCount|2.25
STATE|2|2|0|1|forageMass|0.28
STATE|2|2|0|1|fenced?|true
STATE|2|2|0|1|attacked?|false
STATE|2|2|0|1|cropped|false
STATE|2|2|0|1|totalLivestock|[10 0 9 2 5 10 8 8 6 1 5 0 5 10 7 7 6 0 2 7]
STATE|2|2|0|1|treeCount|6.17
STATE|2|2|0|1|grassMass|6.28
STATE|2|2|0|1|pAttack|2.34
STATE|2|2|0|1|arable|true
STATE|2|2|0|1|totalHarvest|0.04
STATE|2|2|0|1|animalLoss|1.93
STATE|2|2|0|1|ownedBy|0
STATE|2|2|0|1|village|0
STATE|2|2|0|1|shared?|false
STATE|2|2|0|2|animalCount|[9 8 0 1 7 10 2 8 5 2 4 10 2 9 3 9 7 2 2 3]
STATE|2|2|0|2|forageCount|4.68
STATE|2|2|0|2|forageMass|0.91
STATE|2|2|0|2|fenced?|false
STATE|2|2|0|2|attacked?|true
STATE|2|2|0|2|cropped|false
STATE|2|2|0|2|totalLivestock|[10 8 1 10 0 2 6 7 8 4 1 5 10 3 8 10 9 1 9 10]
STATE|2|2|0|2|treeCount|9.18
STATE|2|2|0|2|grassMass|0.28
STATE|2|2|0|2|pAttack|6.77
STATE|2|2|0|2|arable|true
STATE|2|2|0|2|totalHarvest|0.37
STATE|2|2|0|2|animalLoss|7.89
STATE|2|2|0|2|ownedBy|2
STATE|2|2|0|2|village|3
STATE|2|2|0|2|shared?|false
STATE|2|2|0|3|animalCount|[1 2 6 4 2 3 7 6 0 7 6 2 7 3 7 2 1 4 6 4]
STATE|2|2|0|3|forageCount|3.36
STATE|2|2|0|3|forageMass|0.24
STATE|2|2|0|3|fenced?|false
STATE|2|2|0|3|attacked?|true
STATE|2|2|0|3|cropped|false
STATE|2|2|0|3|totalLivestock|[7 3 0 7 10 10 5 0 3 2 1 3 0 1 5 2 1 4 1 4]
STATE|2|2|0|3|treeCount|5.95
STATE|2|2|0|3|grassMass|3.62
STATE|2|2|0|3|pAttack|0.7
STATE|2|2|0|3|arable|true
STATE|2|2|0|3|totalHarvest|2.51
STATE|2|2|0|3|animalLoss|6.02
STATE|2|2|0|3|ownedBy|0
STATE|2|2|0|3|village|0
STATE|2|2|0|3|shared?|false
STATE|2|2|1|0|animalCount|[9 3 5 0 8 5 4 6 10 1 1 1 6 6 10 3 2 8 9 10]
STATE|2|2|1|0|forageCount|1.11
STATE|2|2|1|0|forageMass|4.29
STATE|2|2|1|0|fenced?|false
STATE|2|2|1|0|attacked?|true
STATE|2|2|1|0|cropped|false
STATE|2|2|1|0|totalLivestock|[4 3 8 5 10 10 3 0 1 8 1 2 3 2 9 2 0 7 2 7]
STATE|2|2|1|0|treeCount|0.89
STATE|2|2|1|0|grassMass|3.84
STATE|2|2|1|0|pAttack|8.71
STATE|2|2|1|0|arable|true
STATE|2|2|1|0|totalHarvest|9.02
STATE|2|2|1|0|animalLoss|8.57
STATE|2|2|1|0|ownedBy|3
STATE|2|2|1|0|village|3
STATE|2|2|1|0|shared?|true
STATE|2|2|1|1|animalCount|[6 0 4 2 5 8 8 0 1 1 10 6 2 5 10 10 5 4 6 8]
STATE|2|2|1|1|forageCount|2.78
STATE|2|2|1|1|forageMass|6.3
STATE|2|2|1|1|fenced?|false
STATE|2|2|1|1|attacked?|true
STATE|2|2|1|1|cropped|true
STATE|2|2|1|1|totalLivestock|[10 9 7 7 3 10 7 1 7 7 0 2 5 3 0 10 2 3 7 1]
STATE|2|2|1|1|treeCount|0.16
STATE|2|2|1|1|grassMass|6.54
STATE|2|2|1|1|pAttack|5.22
STATE|2|2|1|1|arable|true
STATE|2|2|1|1|totalHarvest|9.5
STATE|2|2|1|1|animalLoss|3.66
STATE|2|2|1|1|ownedBy|0
STATE|2|2|1|1|village|0
STATE|2|2|1|1|shared?|false
STATE|2|2|1|2|animalCount|[10 5 5 7 0 10 5 2 9 2 0 5 2 0 3 8 9 8 7 1]
STATE|2|2|1|2|forageCount|7.85
STATE|2|2|1|2|forageMass|6.16
STATE|2|2|1|2|fenced?|false
STATE|2|2|1|2|attacked?|true
STATE|2|2|1|2|cropped|false
STATE|2|2|1|2|totalLivestock|[8 3 4 0 7 9 9 10 8 7 4 0 3 10 2 4 3 4 10 7]
STATE|2|2|1|2|treeCount|3.53
STATE|2|2|1|2|grassMass|1.19
STATE|2|2|1|2|pAttack|4.75
STATE|2|2|1|2|arable|false
STATE|2|2|1|2|totalHarvest|2.45
STATE|2|2|1|2|animalLoss|0.55
STATE|2|2|1|2|ownedBy|3
STATE|2|2|1|2|village|3
STATE|2|2|1|2|shared?|false
STATE|2|2|1|3|animalCount|[9 5 2 0 8 2 5 7 6 2 2 10 0 9 2 1 10 6 7 10]
STATE|2|2|1|3|forageCount|3.06
STATE|2|2|1|3|forageMass|4.72
STATE|2|2|1|3|fenced?|true
STATE|2|2|1|3|attacked?|true
STATE|2|2|1|3|cropped|true
STATE|2|2|1|3|totalLivestock|[8 2 6 10 9 9 0 8 9 1 10 2 0 6 10 1 2 0 5 8]
STATE|2|2|1|3|treeCount|8.59
STATE|2|2|1|3|grassMass|7.6
STATE|2|2|1|3|pAttack|8.61
STATE|2|2|1|3|arable|true
STATE|2|2|1|3|totalHarvest|7.96
STATE|2|2|1|3|animalLoss|7.18
STATE|2|2|1|3|ownedBy|3
STATE|2|2|1|3|village|0
STATE|2|2|1|3|shared?|true
STATE|2|2|2|0|animalCount|[0 8 8 5 1 5 9 6 4 0 5 1 5 1 4 3 10 3 1 4]
STATE|2|2|2|0|forageCount|0.62
STATE|2|2|2|0|forageMass|6.73
STATE|2|2|2|0|fenced?|false
STATE|2|2|2|0|attacked?|false
STATE|2|2|2|0|cropped|false
STATE|2|2|2|0|totalLivestock|[4 10 4 1 7 1 6 2 8 3 4 6 10 2 6 7 6 7 1 4]
STATE|2|2|2|0|treeCount|5.26
STATE|2|2|2|0|grassMass|6.54
STATE|2|2|2|0|pAttack|1.92
STATE|2|2|2|0|arable|true
STATE|2|2|2|0|totalHarvest|2.3
STATE|2|2|2|0|animalLoss|5.14
STATE|2|2|2|0|ownedBy|1
STATE|2|2|2|0|village|2
STATE|2|2|2|0|shared?|true
STATE|2|2|2|1|animalCount|[2 0 10 2 10 8 9 0 3 0 1 8 7 4 6 0 6 3 3 4]
STATE|2|2|2|1|forageCount|5.65
STATE|2|2|2|1|forageMass|2.47
STATE|2|2|2|1|fenced?|true
STATE|2|2|2|1|attacked?|true
STATE|2|2|2|1|cropped|false
STATE|2|2|2|1|totalLivestock|[9 8 2 4 3 3 2 3 0 10 5 1 7 9 8 8 4 1 4 5]
STATE|2|2|2|1|treeCount|6.88
STATE|2|2|2|1|grassMass|2.61
STATE|2|2|2|1|pAttack|8.88
STATE|2|2|2|1|arable|false
STATE|2|2|2|1|totalHarvest|8.99
STATE|2|2|2|1|animalLoss|5.76
STATE|2|2|2|1|ownedBy|3
STATE|2|2|2|1|village|1
STATE|2|2|2|1|shared?|true
STATE|2|2|2|2|animalCount|[0 10 10 1 3 6 4 7 10 5 10 5 2 3 7 1 9 0 2 6]
STATE|2|2|2|2|forageCount|6.86
STATE|2|2|2|2|forageMass|7.33
STATE|2|2|2|2|fenced?|true
STATE|2|2|2|2|attacked?|true
STATE|2|2|2|2|cropped|false
STATE|2|2|2|2|totalLivestock|[6 4 8 8 2 9 4 10 7 2 9 6 3 0 5 0 0 7 4 2]
STATE|2|2|2|2|treeCount|9.11
STATE|2|2|2|2|grassMass|3.79
STATE|2|2|2|2|pAttack|8.7
STATE|2|2|2|2|arable|false
STATE|2|2|2|2|totalHarvest|6.76
STATE|2|2|2|2|animalLoss|7.42
STATE|2|2|2|2|ownedBy|2
STATE|2|2|2|2|village|0
STATE|2|2|2|2|shared?|false
STATE|2|2|2|3|animalCount|[7 7 2 1 0 2 5 4 10 5 5 9 5 0 9 7 10 1 2 1]
STATE|2|2|2|3|forageCount|7.44
STATE|2|2|2|3|forageMass|7.34
STATE|2|2|2|3|fenced?|false
STATE|2|2|2|3|attacked?|true
STATE|2|2|2|3|cropped|true
STATE|2|2|2|3|totalLivestock|[5 7 4 9 0 2 3 3 8 7 3 7 9 3 2 3 1 3 0 2]
STATE|2|2|2|3|treeCount|2.97
STATE|2|2|2|3|grassMass|7.21
STATE|2|2|2|3|pAttack|8.58
STATE|2|2|2|3|arable|false
STATE|2|2|2|3|totalHarvest|4.24
STATE|2|2|2|3|animalLoss|9.99
STATE|2|2|2|3|ownedBy|3
STATE|2|2|2|3|village|3
STATE|2|2|2|3|shared?|false
STATE|2|2|3|0|animalCount|[5 5 1 7 8 3 0 9 10 3 4 7 5 7 4 9 5 8 7 4]
STATE|2|2|3|0|forageCount|5.2
STATE|2|2|3|0|forageMass|0.28
STATE|2|2|3|0|fenced?|false
STATE|2|2|3|0|attacked?|true
STATE|2|2|3|0|cropped|true
STATE|2|2|3|0|totalLivestock|[4 5 9 4 0 0 1 3 1 7 8 7 10 4 5 1 0 3 5 3]
STATE|2|2|3|0|treeCount|6.96
STATE|2|2|3|0|grassMass|9.9
STATE|2|2|3|0|pAttack|7.13
STATE|2|2|3|0|arable|true
STATE|2|2|3|0|totalHarvest|6.49
STATE|2|2|3|0|animalLoss|8.16
STATE|2|2|3|0|ownedBy|2
STATE|2|2|3|0|village|0
STATE|2|2|3|0|shared?|false
STATE|2|2|3|1|animalCount|[2 8 5 9 3 3 7 7 4 3 4 9 3 9 5 1 0 6 2 6]
STATE|2|2|3|1|forageCount|3.67
STATE|2|2|3|1|forageMass|5.63
STATE|2|2|3|1|fenced?|false
STATE|2|2|3|1|attacked?|true
STATE|2|2|3|1|cropped|true
STATE|2|2|3|1|totalLivestock|[7 8 9 7 2 9 1 2 10 0 9 4 9 5 4 5 5 10 5 8]
STATE|2|2|3|1|treeCount|3.65
STATE|2|2|3|1|grassMass|6.17
STATE|2|2|3|1|pAttack|4.26
STATE|2|2|3|1|arable|true
STATE|2|2|3|1|totalHarvest|3.65
STATE|2|2|3|1|animalLoss|4.73
STATE|2|2|3|1|ownedBy|1
STATE|2|2|3|1|village|0
STATE|2|2|3|1|shared?|true
STATE|2|2|3|2|animalCount|[8 5 6 3 7 1 8 10 4 6 0 1 3 9 1 3 8 10 3 8]
STATE|2|2|3|2|forageCount|6.61
STATE|2|2|3|2|forageMass|2.4
STATE|2|2|3|2|fenced?|true
STATE|2|2|3|2|attacked?|false
STATE|2|2|3|2|cropped|true
STATE|2|2|3|2|totalLivestock|[2 7 3 9 4 3 2 5 3 9 7 3 4 2 5 2 4 9 8 7]
STATE|2|2|3|2|treeCount|2.73
STATE|2|2|3|2|grassMass|4.04
STATE|2|2|3|2|pAttack|7.22
STATE|2|2|3|2|arable|true
STATE|2|2|3|2|totalHarvest|0.88
STATE|2|2|3|2|animalLoss|6.29
STATE|2|2|3|2|ownedBy|3
STATE|2|2|3|2|village|2
STATE|2|2|3|2|shared?|true
STATE|2|2|3|3|animalCount|[10 7 9 10 10 6 6 1 1 0 3 6 9 7 1 2 1 9 5 6]
STATE|2|2|3|3|forageCount|2.68
STATE|2|2|3|3|forageMass|9.31
STATE|2|2|3|3|fenced?|true
STATE|2|2|3|3|attacked?|false
STATE|2|2|3|3|cropped|true
STATE|2|2|3|3|totalLivestock|[7 6 6 10 8 1 10 7 3 3 9 3 7 0 7 4 0 4 4 4]
STATE|2|2|3|3|treeCount|0.4
STATE|2|2|3|3|grassMass|4.73
STATE|2|2|3|3|pAttack|3.09
STATE|2|2|3|3|arable|false
STATE|2|2|3|3|totalHarvest|1.85
STATE|2|2|3|3|animalLoss|9.52
STATE|2|2|3|3|ownedBy|0
STATE|2|2|3|3|village|0
STATE|2|2|3|3|shared?|false
CHOICE|2|2|1|1|2|4|12:26:25.000 PM 28-Sep-2026
CONFIRM|2|2|1|12:26:33.000 PM 28-Sep-2026
CHOICE|2|2|2|2|1|4|12:26:38.000 PM 28-Sep-2026
CONFIRM|2|2|2|12:26:39.000 PM 28-Sep-2026
CHOICE|2|2|3|0|2|1|12:26:52.000 PM 28-Sep-2026
CHOICE|2|2|3|0|2|3|12:27:03.000 PM 28-Sep-2026
CHOICE|2|2|3|3|3|-99|12:27:13.000 PM 28-Sep-2026
CONFIRM|2|2|3|12:27:28.000 PM 28-Sep-2026
CHOICE|2|2|4|3|3|3|12:27:33.000 PM 28-Sep-2026
CONFIRM|2|2|4|12:27:44.000 PM 28-Sep-2026
CHOICE|2|2|5|0|0|1|12:27:57.000 PM 28-Sep-2026
CONFIRM|2|2|5|12:28:08.000 PM 28-Sep-2026
CHOICE|2|2|6|1|0|-99|12:28:17.000 PM 28-Sep-2026
CONFIRM|2|2|6|12:28:26.000 PM 28-Sep-2026
CHOICE|2|2|7|3|2|2|12:28:29.000 PM 28-Sep-2026
CHOICE|2|2|7|3|3|1|12:28:42.000 PM 28-Sep-2026
CONFIRM|2|2|7|12:28:43.000 PM 28-Sep-2026
CHOICE|2|2|8|3|1|2|12:28:54.000 PM 28-Sep-2026
CHOICE|2|2|8|2|0|1|12:29:00.000 PM 28-Sep-2026
CONFIRM|2|2|8|12:29:09.000 PM 28-Sep-2026
CHOICE|2|2|9|1|3|3|12:29:22.000 PM 28-Sep-2026
CONFIRM|2|2|9|12:29:25.000 PM 28-Sep-2026
CHOICE|2|2|10|3|0|-99|12:29:38.000 PM 28-Sep-2026
CHOICE|2|2|10|3|0|3|12:29:43.000 PM 28-Sep-2026
CONFIRM|2|2|10|12:29:56.000 PM 28-Sep-2026
CHOICE|2|2|11|0|1|1|12:29:59.000 PM 28-Sep-2026
CONFIRM|2|2|11|12:30:06.000 PM 28-Sep-2026
CHOICE|2|2|12|0|2|-99|12:30:19.000 PM 28-Sep-2026
CHOICE|2|2|12|2|2|-99|12:30:29.000 PM 28-Sep-2026
CHOICE|2|2|12|2|2|-99|12:30:38.000 PM 28-Sep-2026
CONFIRM|2|2|12|12:30:48.000 PM 28-Sep-2026
CHOICE|2|2|13|3|0|4|12:30:57.000 PM 28-Sep-2026
CHOICE|2|2|13|3|3|3|12:31:11.000 PM 28-Sep-2026
CONFIRM|2|2|13|12:31:19.000 PM 28-Sep-2026
CHOICE|2|2|14|1|2|4|12:31:24.000 PM 28-Sep-2026
CONFIRM|2|2|14|12:31:31.000 PM 28-Sep-2026
CHOICE|2|2|15|3|1|-99|12:31:35.000 PM 28-Sep-2026
CONFIRM|2|2|15|12:31:38.000 PM 28-Sep-2026
CHOICE|2|2|16|1|1|-99|12:31:42.000 PM 28-Sep-2026
CHOICE|2|2|16|3|3|3|12:31:45.000 PM 28-Sep-2026
CHOICE|2|2|16|0|3|2|12:31:48.000 PM 28-Sep-2026
CONFIRM|2|2|16|12:31:57.000 PM 28-Sep-2026
CHOICE|2|2|17|1|1|-99|12:32:06.000 PM 28-Sep-2026
CHOICE|2|2|17|1|1|4|12:32:18.000 PM 28-Sep-2026
CHOICE|2|2|17|0|1|-99|12:32:19.000 PM 28-Sep-2026
CONFIRM|2|2|17|12:32:20.000 PM 28-Sep-2026
CHOICE|2|2|18|2|1|4|12:32:33.000 PM 28-Sep-2026
CONFIRM|2|2|18|12:32:37.000 PM 28-Sep-2026
CHOICE|2|2|19|3|0|4|12:32:52.000 PM 28-Sep-2026
CONFIRM|2|2|19|12:33:06.000 PM 28-Sep-2026
CHOICE|2|2|20|2|0|-99|12:33:21.000 PM 28-Sep-2026
CHOICE|2|2|20|1|2|4|12:33:26.000 PM 28-Sep-2026
CHOICE|2|2|20|1|2|-99|12:33:41.000 PM 28-Sep-2026
CONFIRM|2|2|20|12:33:55.000 PM 28-Sep-2026
SCORE|2|2|1|4|29|2
SCORE|2|2|2|14|57|16
SCORE|2|2|3|8|52|7
SCORE|2|2|4|17|24|20
SCORE|2|2|5|0|45|20
SCORE|2|2|6|11|53|18
SCORE|2|2|7|18|27|19
SCORE|2|2|8|14|34|0
SCORE|2|2|9|10|34|20
SCORE|2|2|10|16|17|10
SCORE|2|2|11|17|66|6
SCORE|2|2|12|2|16|10
SCORE|2|2|13|13|37|12
SCORE|2|2|14|20|24|0
SCORE|2|2|15|3|13|2
SCORE|2|2|16|10|51|7
SCORE|2|2|17|1|12|14
SCORE|2|2|18|5|19|13
SCORE|2|2|19|0|5|14
SCORE|2|2|20|6|48|20
PHASE|phase-3-1|12:33:59.000 PM 28-Sep-2026
STATE|3|1|0|0|animalCount|[1 6 1 4 4 7 4 0 1 4 3 8 2 7 7 9 4 2 4 7]
STATE|3|1|0|0|forageCount|3.1
STATE|3|1|0|0|forageMass|5.41
STATE|3|1|0|0|fenced?|true
STATE|3|1|0|0|attacked?|true
STATE|3|1|0|0|cropped|true
STATE|3|1|0|0|totalLivestock|[0 8 0 8 2 0 9 0 1 2 7 6 0 4 3 5 6 9 9 9]
STATE|3|1|0|0|treeCount|5.75
STATE|3|1|0|0|grassMass|1.32
STATE|3|1|0|0|pAttack|7.36
STATE|3|1|0|0|arable|false
STATE|3|1|0|0|totalHarvest|7.74
STATE|3|1|0|0|animalLoss|5.66
STATE|3|1|0|0|ownedBy|3
STATE|3|1|0|0|village|1
STATE|3|1|0|0|shared?|false
STATE|3|1|0|1|animalCount|[5 2 6 6 7 4 1 3 2 2 6 2 3 3 9 2 6 10 4 4]
STATE|3|1|0|1|forageCount|2.99
STATE|3|1|0|1|forageMass|4.71
STATE|3|1|0|1|fenced?|true
STATE|3|1|0|1|attacked?|true
STATE|3|1|0|1|cropped|true
STATE|3|1|0|1|totalLivestock|[0 1 0 8 8 9 2 8 3 1 7 10 3 9 7 1 0 9 5 6]
STATE|3|1|0|1|treeCount|0.84
STATE|3|1|0|1|grassMass|5.06
STATE|3|1|0|1|pAttack|9.5
STATE|3|1|0|1|arable|true
STATE|3|1|0|1|totalHarvest|7.3
STATE|3|1|0|1|animalLoss|5.23
STATE|3|1|0|1|ownedBy|0
STATE|3|1|0|1|village|2
STATE|3|1|0|1|shared?|true
STATE|3|1|0|2|animalCount|[1 7 1 8 0 6 1 8 2 4 8 7 6 2 4 2 1 2 4 5]
STATE|3|1|0|2|forageCount|6.41
STATE|3|1|0|2|forageMass|4.85
STATE|3|1|0|2|fenced?|false
STATE|3|1|0|2|attacked?|true
STATE|3|1|0|2|cropped|false
STATE|3|1|0|2|totalLivestock|[5 10 1 7 0 6 1 1 10 0 5 9 1 1 2 3 8 10 0 2]
STATE|3|1|0|2|treeCount|6.77
STATE|3|1|0|2|grassMass|2.51
STATE|3|1|0|2|pAttack|8.21
STATE|3|1|0|2|arable|false
STATE|3|1|0|2|totalHarvest|0.79
STATE|3|1|0|2|animalLoss|9.77
STATE|3|1|0|2|ownedBy|0
STATE|3|1|0|2|village|0
STATE|3|1|0|2|shared?|true
STATE|3|1|0|3|animalCount|[6 4 0 10 10 6 0 10 5 0 6 4 3 10 1 7 1 2 5 6]
STATE|3|1|0|3|forageCount|6.67
STATE|3|1|0|3|forageMass|0.41
STATE|3|1|0|3|fenced?|true
STATE|3|1|0|3|attacked?|true
STATE|3|1|0|3|cropped|false
STATE|3|1|0|3|totalLivestock|[6 10 3 7 8 2 5 10 4 10 10 7 7 1 1 8 1 10 9 1]
STATE|3|1|0|3|treeCount|0.88
STATE|3|1|0|3|grassMass|2.45
STATE|3|1|0|3|pAttack|4.53
STATE|3|1|0|3|arable|false
STATE|3|1|0|3|totalHarvest|0.97
STATE|3|1|0|3|animalLoss|9.67
STATE|3|1|0|3|ownedBy|3
STATE|3|1|0|3|village|1
STATE|3|1|0|3|shared?|true
STATE|3|1|1|0|animalCount|[5 4 3 9 1 8 6 10 0 1 2 4 6 6 2 6 5 7 7 2]
STATE|3|1|1|0|forageCount|5.22
STATE|3|1|1|0|forageMass|5.57
STATE|3|1|1|0|fenced?|true
STATE|3|1|1|0|attacked?|true
STATE|3|1|1|0|cropped|true
STATE|3|1|1|0|totalLivestock|[9 6 7 7 1 5 0 8 9 4 3 4 4 7 1 9 1 10 7 4]
STATE|3|1|1|0|treeCount|2.21
STATE|3|1|1|0|grassMass|7.52
STATE|3|1|1|0|pAttack|0.78
STATE|3|1|1|0|arable|true
STATE|3|1|1|0|totalHarvest|6.52
STATE|3|1|1|0|animalLoss|8.94
STATE|3|1|1|0|ownedBy|1
STATE|3|1|1|0|village|2
STATE|3|1|1|0|shared?|true
STATE|3|1|1|1|animalCount|[2 1 6 1 0 10 1 4 5 5 7 0 4 9 0 2 2 1 2 6]
STATE|3|1|1|1|forageCount|0.0
STATE|3|1|1|1|forageMass|8.25
STATE|3|1|1|1|fenced?|true
STATE|3|1|1|1|attacked?|false
STATE|3|1|1|1|cropped|false
STATE|3|1|1|1|totalLivestock|[0 7 2 2 3 4 7 5 5 3 6 4 8 0 3 4 9 7 3 7]
STATE|3|1|1|1|treeCount|3.26
STATE|3|1|1|1|grassMass|8.52
STATE|3|1|1|1|pAttack|5.52
STATE|3|1|1|1|arable|true
STATE|3|1|1|1|totalHarvest|0.49
STATE|3|1|1|1|animalLoss|3.72
STATE|3|1|1|1|ownedBy|0
STATE|3|1|1|1|village|0
STATE|3|1|1|1|shared?|true
STATE|3|1|1|2|animalCount|[0 3 6 0 1 2 4 10 0 9 8 10 6 3 2 9 3 10 0 0]
STATE|3|1|1|2|forageCount|5.99
STATE|3|1|1|2|forageMass|2.9
STATE|3|1|1|2|fenced?|true
STATE|3|1|1|2|attacked?|true
STATE|3|1|1|2|cropped|true
STATE|3|1|1|2|totalLivestock|[9 2 10 3 8 5 3 2 5 2 9 7 6 6 0 8 0 10 8 5]
STATE|3|1|1|2|treeCount|8.43
STATE|3|1|1|2|grassMass|3.09
STATE|3|1|1|2|pAttack|3.87
STATE|3|1|1|2|arable|false
STATE|3|1|1|2|totalHarvest|8.24
STATE|3|1|1|2|animalLoss|3.05
STATE|3|1|1|2|ownedBy|3
STATE|3|1|1|2|village|2
STATE|3|1|1|2|shared?|true
STATE|3|1|1|3|animalCount|[5 9 2 0 1 5 0 8 7 4 4 0 7 4 10 7 6 5 2 9]
STATE|3|1|1|3|forageCount|3.28
STATE|3|1|1|3|forageMass|2.74
STATE|3|1|1|3|fenced?|true
STATE|3|1|1|3|attacked?|false
STATE|3|1|1|3|cropped|false
STATE|3|1|1|3|totalLivestock|[10 9 5 4 0 5 7 8 7 10 9 4 0 1 8 2 8 8 4 10]
STATE|3|1|1|3|treeCount|1.94
STATE|3|1|1|3|grassMass|8.67
STATE|3|1|1|3|pAttack|3.05
STATE|3|1|1|3|arable|false
STATE|3|1|1|3|totalHarvest|8.48
STATE|3|1|1|3|animalLoss|3.35
STATE|3|1|1|3|ownedBy|3
STATE|3|1|1|3|village|3
STATE|3|1|1|3|shared?|true
STATE|3|1|2|0|animalCount|[3 10 2 9 2 2 5 1 9 9 4 10 1 10 4 8 8 10 2 1]
STATE|3|1|2|0|forageCount|4.14
STATE|3|1|2|0|forageMass|2.43
STATE|3|1|2|0|fenced?|false
STATE|3|1|2|0|attacked?|true
STATE|3|1|2|0|cropped|true
STATE|3|1|2|0|totalLivestock|[7 10 9 7 8 0 0 1 5 6 7 3 7 9 6 8 10 7 3 10]
STATE|3|1|2|0|treeCount|9.57
STATE|3|1|2|0|grassMass|1.01
STATE|3|1|2|0|pAttack|4.79
STATE|3|1|2|0|arable|true
STATE|3|1|2|0|totalHarvest|5.72
STATE|3|1|2|0|animalLoss|0.76
STATE|3|1|2|0|ownedBy|3
STATE|3|1|2|0|village|3
STATE|3|1|2|0|shared?|false
STATE|3|1|2|1|animalCount|[9 6 0 0 1 0 3 3 6 5 6 4 5 3 5 10 2 10 10 4]
STATE|3|1|2|1|forageCount|5.62
STATE|3|1|2|1|forageMass|6.74
STATE|3|1|2|1|fenced?|false
STATE|3|1|2|1|attacked?|false
STATE|3|1|2|1|cropped|false
STATE|3|1|2|1|totalLivestock|[5 1 4 1 2 9 3 2 7 0 0 3 9 7 5 0 6 9 8 5]
STATE|3|1|2|1|treeCount|4.23
STATE|3|1|2|1|grassMass|1.44
STATE|3|1|2|1|pAttack|4.68
STATE|3|1|2|1|arable|true
STATE|3|1|2|1|totalHarvest|4.41
STATE|3|1|2|1|animalLoss|8.69
STATE|3|1|2|1|ownedBy|0
STATE|3|1|2|1|village|2
STATE|3|1|2|1|shared?|true
STATE|3|1|2|2|animalCount|[9 3 5 2 3 7 7 5 6 8 8 0 1 0 5 3 7 6 3 7]
STATE|3|1|2|2|forageCount|8.79
STATE|3|1|2|2|forageMass|5.87
STATE|3|1|2|2|fenced?|false
STATE|3|1|2|2|attacked?|false
STATE|3|1|2|2|cropped|false
STATE|3|1|2|2|totalLivestock|[10 10 6 0 3 2 5 10 2 9 2 3 7 10 3 1 0 8 7 5]
STATE|3|1|2|2|treeCount|9.99
STATE|3|1|2|2|grassMass|5.88
STATE|3|1|2|2|pAttack|6.81
STATE|3|1|2|2|arable|false
STATE|3|1|2|2|totalHarvest|2.12
STATE|3|1|2|2|animalLoss|0.35
STATE|3|1|2|2|ownedBy|3
STATE|3|1|2|2|village|1
STATE|3|1|2|2|shared?|false
STATE|3|1|2|3|animalCount|[5 0 7 7 2 5 3 10 0 6 0 6 6 10 5 10 6 7 9 7]
STATE|3|1|2|3|forageCount|3.24
STATE|3|1|2|3|forageMass|4.4
STATE|3|1|2|3|fenced?|false
STATE|3|1|2|3|attacked?|true
STATE|3|1|2|3|cropped|false
STATE|3|1|2|3|totalLivestock|[0 4 3 2 3 8 3 0 10 5 10 10 1 6 9 10 0 4 0 2]
STATE|3|1|2|3|treeCount|0.11
STATE|3|1|2|3|grassMass|7.08
STATE|3|1|2|3|pAttack|7.99
STATE|3|1|2|3|arable|false
STATE|3|1|2|3|totalHarvest|1.59
STATE|3|1|2|3|animalLoss|7.56
STATE|3|1|2|3|ownedBy|3
STATE|3|1|2|3|village|1
STATE|3|1|2|3|shared?|false
STATE|3|1|3|0|animalCount|[10 0 5 2 5 3 0 2 9 3 7 2 1 2 0 10 3 10 7 9]
STATE|3|1|3|0|forageCount|6.88
STATE|3|1|3|0|forageMass|6.15
STATE|3|1|3|0|fenced?|true
STATE|3|1|3|0|attacked?|false
STATE|3|1|3|0|cropped|false
STATE|3|1|3|0|totalLivestock|[8 6 5 0 9 2 7 1 2 5 2 6 2 1 10 6 0 3 3 7]
STATE|3|1|3|0|treeCount|2.47
STATE|3|1|3|0|grassMass|0.41
STATE|3|1|3|0|pAttack|4.29
STATE|3|1|3|0|arable|false
STATE|3|1|3|0|totalHarvest|6.47
STATE|3|1|3|0|animalLoss|5.11
STATE|3|1|3|0|ownedBy|0
STATE|3|1|3|0|village|1
STATE|3|1|3|0|shared?|false
STATE|3|1|3|1|animalCount|[4 0 1 9 0 8 0 1 7 6 1 0 1 4 1 8 6 9 5 8]
STATE|3|1|3|1|forageCount|4.96
STATE|3|1|3|1|forageMass|9.11
STATE|3|1|3|1|fenced?|true
STATE|3|1|3|1|attacked?|true
STATE|3|1|3|1|cropped|true
STATE|3|1|3|1|totalLivestock|[2 8 2 0 10 2 5 10 2 7 7 6 0 7 10 5 5 5 6 3]
STATE|3|1|3|1|treeCount|3.98
STATE|3|1|3|1|grassMass|0.45
STATE|3|1|3|1|pAttack|2.01
STATE|3|1|3|1|arable|true
STATE|3|1|3|1|totalHarvest|6.72
STATE|3|1|3|1|animalLoss|9.93
STATE|3|1|3|1|ownedBy|3
STATE|3|1|3|1|village|1
STATE|3|1|3|1|shared?|true
STATE|3|1|3|2|animalCount|[2 5 9 0 10 4 2 2 8 4 7 7 7 0 5 1 2 4 3 8]
STATE|3|1|3|2|forageCount|0.92
STATE|3|1|3|2|forageMass|5.6
STATE|3|1|3|2|fenced?|false
STATE|3|1|3|2|attacked?|false
STATE|3|1|3|2|cropped|true
STATE|3|1|3|2|totalLivestock|[6 3 4 10 2 1 4 8 5 1 7 1 4 4 10 8 6 6 0 7]
STATE|3|1|3|2|treeCount|9.94
STATE|3|1|3|2|grassMass|7.8
STATE|3|1|3|2|pAttack|2.52
STATE|3|1|3|2|arable|false
STATE|3|1|3|2|totalHarvest|6.97
STATE|3|1|3|2|animalLoss|6.07
STATE|3|1|3|2|ownedBy|3
STATE|3|1|3|2|village|3
STATE|3|1|3|2|shared?|false
STATE|3|1|3|3|animalCount|[6 9 8 2 8 10 4 7 6 3 5 0 9 1 5 5 1 7 2 7]
STATE|3|1|3|3|forageCount|6.96
STATE|3|1|3|3|forageMass|9.84
STATE|3|1|3|3|fenced?|true
STATE|3|1|3|3|attacked?|false
STATE|3|1|3|3|cropped|true
STATE|3|1|3|3|totalLivestock|[0 6 9 6 3 1 7 9 10 6 10 6 7 9 3 10 6 6 8 2]
STATE|3|1|3|3|treeCount|2.47
STATE|3|1|3|3|grassMass|7.1
STATE|3|1|3|3|pAttack|1.35
STATE|3|1|3|3|arable|false
STATE|3|1|3|3|totalHarvest|4.71
STATE|3|1|3|3|animalLoss|3.93
STATE|3|1|3|3|ownedBy|0
STATE|3|1|3|3|village|0
STATE|3|1|3|3|shared?|true
CHOICE|3|1|1|0|0|-99|12:34:12.000 PM 28-Sep-2026
CHOICE|3|1|1|2|2|1|12:34:24.000 PM 28-Sep-2026
CHOICE|3|1|1|2|2|-99|12:34:32.000 PM 28-Sep-2026
CONFIRM|3|1|1|12:34:42.000 PM 28-Sep-2026
CHOICE|3|1|2|3|2|-99|12:34:52.000 PM 28-Sep-2026
CHOICE|3|1|2|1|1|4|12:35:06.000 PM 28-Sep-2026
CONFIRM|3|1|2|12:35:07.000 PM 28-Sep-2026
CHOICE|3|1|3|3|0|2|12:35:15.000 PM 28-Sep-2026
CHOICE|3|1|3|2|1|-99|12:35:30.000 PM 28-Sep-2026
CHOICE|3|1|3|0|1|-99|12:35:38.000 PM 28-Sep-2026
CONFIRM|3|1|3|12:35:48.000 PM 28-Sep-2026
CHOICE|3|1|4|0|0|4|12:35:59.000 PM 28-Sep-2026
CHOICE|3|1|4|2|2|-99|12:36:08.000 PM 28-Sep-2026
CHOICE|3|1|4|0|2|2|12:36:20.000 PM 28-Sep-2026
CONFIRM|3|1|4|12:36:32.000 PM 28-Sep-2026
CHOICE|3|1|5|0|2|4|12:36:46.000 PM 28-Sep-2026
CHOICE|3|1|5|3|0|4|12:36:49.000 PM 28-Sep-2026
CHOICE|3|1|5|1|2|2|12:36:57.000 PM 28-Sep-2026
CONFIRM|3|1|5|12:37:04.000 PM 28-Sep-2026
CHOICE|3|1|6|2|3|3|12:37:07.000 PM 28-Sep-2026
CHOICE|3|1|6|3|2|1|12:37:21.000 PM 28-Sep-2026
CHOICE|3|1|6|3|2|4|12:37:22.000 PM 28-Sep-2026
CONFIRM|3|1|6|12:37:26.000 PM 28-Sep-2026
CHOICE|3|1|7|1|2|4|12:37:37.000 PM 28-Sep-2026
CHOICE|3|1|7|0|2|-99|12:37:52.000 PM 28-Sep-2026
CONFIRM|3|1|7|12:38:02.000 PM 28-Sep-2026
CHOICE|3|1|8|3|3|2|12:38:14.000 PM 28-Sep-2026
CONFIRM|3|1|8|12:38:25.000 PM 28-Sep-2026
CHOICE|3|1|9|0|1|-99|12:38:38.000 PM 28-Sep-2026
CHOICE|3|1|9|3|0|-99|12:38:46.000 PM 28-Sep-2026
CONFIRM|3|1|9|12:38:49.000 PM 28-Sep-2026
CHOICE|3|1|10|0|1|3|12:38:55.000 PM 28-Sep-2026
CHOICE|3|1|10|2|2|1|12:39:00.000 PM 28-Sep-2026
CHOICE|3|1|10|2|3|-99|12:39:06.000 PM 28-Sep-2026
CONFIRM|3|1|10|12:39:10.000 PM 28-Sep-2026
CHOICE|3|1|11|1|2|2|12:39:15.000 PM 28-Sep-2026
CHOICE|3|1|11|3|3|4|12:39:27.000 PM 28-Sep-2026
CONFIRM|3|1|11|12:39:40.000 PM 28-Sep-2026
CHOICE|3|1|12|1|0|-99|12:39:54.000 PM 28-Sep-2026
CONFIRM|3|1|12|12:40:08.000 PM 28-Sep-2026
CHOICE|3|1|13|2|3|2|12:40:09.000 PM 28-Sep-2026
CHOICE|3|1|13|1|0|3|12:40:10.000 PM 28-Sep-2026
CHOICE|3|1|13|3|0|-99|12:40:20.000 PM 28-Sep-2026
CONFIRM|3|1|13|12:40:31.000 PM 28-Sep-2026
CHOICE|3|1|14|1|2|2|12:40:36.000 PM 28-Sep-2026
CHOICE|3|1|14|2|3|4|12:40:49.000 PM 28-Sep-2026
CHOICE|3|1|14|0|2|-99|12:40:56.000 PM 28-Sep-2026
CONFIRM|3|1|14|12:41:02.000 PM 28-Sep-2026
CHOICE|3|1|15|3|3|1|12:41:15.000 PM 28-Sep-2026
CHOICE|3|1|15|1|1|-99|12:41:24.000 PM 28-Sep-2026
CONFIRM|3|1|15|12:41:36.000 PM 28-Sep-2026
CHOICE|3|1|16|0|1|3|12:41:38.000 PM 28-Sep-2026
CHOICE|3|1|16|0|0|-99|12:41:41.000 PM 28-Sep-2026
CHOICE|3|1|16|3|1|-99|12:41:44.000 PM 28-Sep-2026
CONFIRM|3|1|16|12:41:57.000 PM 28-Sep-2026
CHOICE|3|1|17|3|0|3|12:42:09.000 PM 28-Sep-2026
CHOICE|3|1|17|3|0|2|12:42:13.000 PM 28-Sep-2026
CHOICE|3|1|17|0|0|1|12:42:15.000 PM 28-Sep-2026
CONFIRM|3|1|17|12:42:20.000 PM 28-Sep-2026
CHOICE|3|1|18|0|1|3|12:42:27.000 PM 28-Sep-2026
CHOICE|3|1|18|2|3|-99|12:42:37.000 PM 28-Sep-2026
CONFIRM|3|1|18|12:42:40.000 PM 28-Sep-2026
CHOICE|3|1|19|1|0|1|12:42:46.000 PM 28-Sep-2026
CHOICE|3|1|19|2|3|4|12:42:51.000 PM 28-Sep-2026
CHOICE|3|1|19|0|2|-99|12:43:03.000 PM 28-Sep-2026
CONFIRM|3|1|19|12:43:06.000 PM 28-Sep-2026
CHOICE|3|1|20|1|2|-99|12:43:16.000 PM 28-Sep-2026
CHOICE|3|1|20|2|2|-99|12:43:28.000 PM 28-Sep-2026
CONFIRM|3|1|20|12:43:38.000 PM 28-Sep-2026
SCORE|3|1|1|12|30|8
SCORE|3|1|2|10|37|9
SCORE|3|1|3|20|70|18
SCORE|3|1|4|7|22|11
SCORE|3|1|5|17|22|16
SCORE|3|1|6|6|40|7
SCORE|3|1|7|17|38|18
SCORE|3|1|8|0|31|17
SCORE|3|1|9|17|31|7
SCORE|3|1|10|7|56|3
SCORE|3|1|11|5|16|10
SCORE|3|1|12|14|42|4
SCORE|3|1|13|17|47|7
SCORE|3|1|14|15|45|8
SCORE|3|1|15|6|49|13
SCORE|3|1|16|12|45|10
SCORE|3|1|17|11|12|4
SCORE|3|1|18|12|60|17
SCORE|3|1|19|19|29|7
SCORE|3|1|20|10|53|10
PHASE|phase-3-2|12:43:40.000 PM 28-Sep-2026
STATE|3|2|0|0|animalCount|[7 0 10 4 6 9 0 9 4 8 6 5 3 4 1 4 4 8 4 1]
STATE|3|2|0|0|forageCount|6.92
STATE|3|2|0|0|forageMass|3.26
STATE|3|2|0|0|fenced?|true
STATE|3|2|0|0|attacked?|false
STATE|3|2|0|0|cropped|false
STATE|3|2|0|0|totalLivestock|[9 2 0 6 6 7 4 6 0 2 5 7 4 10 2 4 3 7 3 4]
STATE|3|2|0|0|treeCount|6.94
STATE|3|2|0|0|grassMass|1.87
STATE|3|2|0|0|pAttack|7.85
STATE|3|2|0|0|arable|true
STATE|3|2|0|0|totalHarvest|6.15
STATE|3|2|0|0|animalLoss|9.29
STATE|3|2|0|0|ownedBy|1
STATE|3|2|0|0|village|1
STATE|3|2|0|0|shared?|true
STATE|3|2|0|1|animalCount|[5 1 2 7 7 0 7 0 6 6 9 10 3 0 4 3 6 7 7 5]
STATE|3|2|0|1|forageCount|7.11
STATE|3|2|0|1|forageMass|8.27
STATE|3|2|0|1|fenced?|true
STATE|3|2|0|1|attacked?|true
STATE|3|2|0|1|cropped|true
STATE|3|2|0|1|totalLivestock|[5 9 3 10 2 1 4 7 0 1 10 7 8 7 8 7 9 4 9 10]
STATE|3|2|0|1|treeCount|3.2
STATE|3|2|0|1|grassMass|6.91
STATE|3|2|0|1|pAttack|4.87
STATE|3|2|0|1|arable|false
STATE|3|2|0|1|totalHarvest|5.63
STATE|3|2|0|1|animalLoss|1.51
STATE|3|2|0|1|ownedBy|2
STATE|3|2|0|1|village|3
STATE|3|2|0|1|shared?|false
STATE|3|2|0|2|animalCount|[3 7 3 10 8 10 1 2 9 7 10 10 2 1 10 10 4 9 10 3]
STATE|3|2|0|2|forageCount|2.89
STATE|3|2|0|2|forageMass|5.24
STATE|3|2|0|2|fenced?|true
STATE|3|2|0|2|attacked?|false
STATE|3|2|0|2|cropped|true
STATE|3|2|0|2|totalLivestock|[1 4 8 2 6 3 10 3 0 7 4 4 7 10 1 9 10 10 7 3]
STATE|3|2|0|2|treeCount|3.07
STATE|3|2|0|2|grassMass|5.06
STATE|3|2|0|2|pAttack|1.83
STATE|3|2|0|2|arable|false
STATE|3|2|0|2|totalHarvest|2.98
STATE|3|2|0|2|animalLoss|5.45
STATE|3|2|0|2|ownedBy|0
STATE|3|2|0|2|village|2
STATE|3|2|0|2|shared?|false
STATE|3|2|0|3|animalCount|[1 0 1 3 1 1 2 7 1 10 7 10 5 9 5 7 8 6 9 4]
STATE|3|2|0|3|forageCount|8.75
STATE|3|2|0|3|forageMass|7.79
STATE|3|2|0|3|fenced?|true
STATE|3|2|0|3|attacked?|true
STATE|3|2|0|3|cropped|false
STATE|3|2|0|3|totalLivestock|[5 3 3 9 10 7 7 8 8 0 2 3 7 7 3 8 1 7 0 7]
STATE|3|2|0|3|treeCount|2.36
STATE|3|2|0|3|grassMass|7.57
STATE|3|2|0|3|pAttack|8.93
STATE|3|2|0|3|arable|false
STATE|3|2|0|3|totalHarvest|3.54
STATE|3|2|0|3|animalLoss|4.37
STATE|3|2|0|3|ownedBy|0
STATE|3|2|0|3|village|3
STATE|3|2|0|3|shared?|false
STATE|3|2|1|0|animalCount|[3 6 7 10 6 5 8 2 3 8 10 2 1 7 2 5 0 7 10 9]
STATE|3|2|1|0|forageCount|6.96
STATE|3|2|1|0|forageMass|8.49
STATE|3|2|1|0|fenced?|true
STATE|3|2|1|0|attacked?|true
STATE|3|2|1|0|cropped|true
STATE|3|2|1|0|totalLivestock|[0 5 5 0 0 6 10 1 5 1 3 8 4 3 8 10 1 8 8 8]
STATE|3|2|1|0|treeCount|1.77
STATE|3|2|1|0|grassMass|9.58
STATE|3|2|1|0|pAttack|7.95
STATE|3|2|1|0|arable|false
STATE|3|2|1|0|totalHarvest|1.83
STATE|3|2|1|0|animalLoss|9.12
STATE|3|2|1|0|ownedBy|0
STATE|3|2|1|0|village|0
STATE|3|2|1|0|shared?|true
STATE|3|2|1|1|animalCount|[7 6 6 9 7 5 9 0 5 3 7 3 9 6 6 5 9 1 0 0]
STATE|3|2|1|1|forageCount|6.08
STATE|3|2|1|1|forageMass|2.84
STATE|3|2|1|1|fenced?|true
STATE|3|2|1|1|attacked?|false
STATE|3|2|1|1|cropped|false
STATE|3|2|1|1|totalLivestock|[9 8 6 2 5 6 10 10 0 7 7 6 8 6 10 7 1 8 4 8]
STATE|3|2|1|1|treeCount|9.24
STATE|3|2|1|1|grassMass|2.6
STATE|3|2|1|1|pAttack|4.47
STATE|3|2|1|1|arable|true
STATE|3|2|1|1|totalHarvest|2.16
STATE|3|2|1|1|animalLoss|6.89
STATE|3|2|1|1|ownedBy|2
STATE|3|2|1|1|village|0
STATE|3|2|1|1|shared?|false
STATE|3|2|1|2|animalCount|[6 7 2 0 2 0 2 2 5 4 4 6 6 9 6 2 7 5 3 6]
STATE|3|2|1|2|forageCount|7.63
STATE|3|2|1|2|forageMass|8.46
STATE|3|2|1|2|fenced?|false
STATE|3|2|1|2|attacked?|false
STATE|3|2|1|2|cropped|true
STATE|3|2|1|2|totalLivestock|[1 3 9 5 6 7 8 6 9 0 9 10 10 8 8 10 8 0 9 7]
STATE|3|2|1|2|treeCount|6.89
STATE|3|2|1|2|grassMass|4.5
STATE|3|2|1|2|pAttack|9.44
STATE|3|2|1|2|arable|true
STATE|3|2|1|2|totalHarvest|1.4
STATE|3|2|1|2|animalLoss|0.37
STATE|3|2|1|2|ownedBy|0
STATE|3|2|1|2|village|0
STATE|3|2|1|2|shared?|false
STATE|3|2|1|3|animalCount|[2 3 1 6 8 1 4 10 6 8 2 3 10 9 0 7 4 9 8 3]
STATE|3|2|1|3|forageCount|7.17
STATE|3|2|1|3|forageMass|5.57
STATE|3|2|1|3|fenced?|true
STATE|3|2|1|3|attacked?|false
STATE|3|2|1|3|cropped|true
STATE|3|2|1|3|totalLivestock|[2 9 0 4 4 4 1 8 4 5 8 1 7 4 6 0 6 8 9 7]
STATE|3|2|1|3|treeCount|5.97
STATE|3|2|1|3|grassMass|5.55
STATE|3|2|1|3|pAttack|4.07
STATE|3|2|1|3|arable|true
STATE|3|2|1|3|totalHarvest|5.95
STATE|3|2|1|3|animalLoss|1.48
STATE|3|2|1|3|ownedBy|2
STATE|3|2|1|3|village|3
STATE|3|2|1|3|shared?|true
STATE|3|2|2|0|animalCount|[9 0 0 3 2 3 8 6 7 9 2 3 8 10 2 2 0 1 0 9]
STATE|3|2|2|0|forageCount|6.42
STATE|3|2|2|0|forageMass|3.91
STATE|3|2|2|0|fenced?|false
STATE|3|2|2|0|attacked?|false
STATE|3|2|2|0|cropped|true
STATE|3|2|2|0|totalLivestock|[4 7 4 2 3 6 7 3 8 3 5 7 5 10 0 10 3 4 1 10]
STATE|3|2|2|0|treeCount|5.77
STATE|3|2|2|0|grassMass|0.01
STATE|3|2|2|0|pAttack|5.14
STATE|3|2|2|0|arable|false
STATE|3|2|2|0|totalHarvest|1.93
STATE|3|2|2|0|animalLoss|3.12
STATE|3|2|2|0|ownedBy|2
STATE|3|2|2|0|village|3
STATE|3|2|2|0|shared?|false
STATE|3|2|2|1|animalCount|[1 9 6 0 4 2 0 4 3 8 6 5 5 6 10 10 2 2 4 6]
STATE|3|2|2|1|forageCount|4.62
STATE|3|2|2|1|forageMass|6.29
STATE|3|2|2|1|fenced?|false
STATE|3|2|2|1|attacked?|false
STATE|3|2|2|1|cropped|true
STATE|3|2|2|1|totalLivestock|[1 10 2 9 0 4 0 2 0 2 6 3 0 0 10 7 10 1 8 2]
STATE|3|2|2|1|treeCount|7.87
STATE|3|2|2|1|grassMass|5.2
STATE|3|2|2|1|pAttack|3.0
STATE|3|2|2|1|arable|false
STATE|3|2|2|1|totalHarvest|2.84
STATE|3|2|2|1|animalLoss|4.69
STATE|3|2|2|1|ownedBy|3
STATE|3|2|2|1|village|3
STATE|3|2|2|1|shared?|true
STATE|3|2|2|2|animalCount|[6 2 4 8 8 2 3 2 8 10 9 2 0 4 8 2 6 1 0 4]
STATE|3|2|2|2|forageCount|2.11
STATE|3|2|2|2|forageMass|2.12
STATE|3|2|2|2|fenced?|true
STATE|3|2|2|2|attacked?|true
STATE|3|2|2|2|cropped|true
STATE|3|2|2|2|totalLivestock|[5 10 2 0 2 5 7 4 7 5 1 6 0 10 7 7 9 4 5 7]
STATE|3|2|2|2|treeCount|2.11
STATE|3|2|2|2|grassMass|0.48
STATE|3|2|2|2|pAttack|3.56
STATE|3|2|2|2|arable|true
STATE|3|2|2|2|totalHarvest|5.75
STATE|3|2|2|2|animalLoss|5.17
STATE|3|2|2|2|ownedBy|0
STATE|3|2|2|2|village|0
STATE|3|2|2|2|shared?|true
STATE|3|2|2|3|animalCount|[10 9 5 10 7 0 6 7 9 4 0 4 10 10 7 0 2 9 9 0]
STATE|3|2|2|3|forageCount|6.1
STATE|3|2|2|3|forageMass|2.1
STATE|3|2|2|3|fenced?|false
STATE|3|2|2|3|attacked?|true
STATE|3|2|2|3|cropped|true
STATE|3|2|2|3|totalLivestock|[0 5 7 9 7 7 4 7 8 9 0 7 0 8 1 1 0 7 3 8]
STATE|3|2|2|3|treeCount|2.91
STATE|3|2|2|3|grassMass|9.75
STATE|3|2|2|3|pAttack|4.11
STATE|3|2|2|3|arable|false
STATE|3|2|2|3|totalHarvest|9.81
STATE|3|2|2|3|animalLoss|7.83
STATE|3|2|2|3|ownedBy|1
STATE|3|2|2|3|village|3
STATE|3|2|2|3|shared?|true
STATE|3|2|3|0|animalCount|[10 6 8 4 1 4 5 9 6 3 0 0 2 4 9 3 5 7 0 6]
STATE|3|2|3|0|forageCount|6.37
STATE|3|2|3|0|forageMass|9.63
STATE|3|2|3|0|fenced?|false
STATE|3|2|3|0|attacked?|true
STATE|3|2|3|0|cropped|false
STATE|3|2|3|0|totalLivestock|[1 2 6 1 6 7 3 1 8 5 9 0 9 6 10 6 5 2 9 10]
STATE|3|2|3|0|treeCount|4.99
STATE|3|2|3|0|grassMass|5.94
STATE|3|2|3|0|pAttack|7.71
STATE|3|2|3|0|arable|false
STATE|3|2|3|0|totalHarvest|9.07
STATE|3|2|3|0|animalLoss|4.87
STATE|3|2|3|0|ownedBy|0
STATE|3|2|3|0|village|0
STATE|3|2|3|0|shared?|true
STATE|3|2|3|1|animalCount|[10 9 4 4 0 7 1 9 1 8 9 1 6 3 10 1 2 6 1 2]
STATE|3|2|3|1|forageCount|2.44
STATE|3|2|3|1|forageMass|7.09
STATE|3|2|3|1|fenced?|true
STATE|3|2|3|1|attacked?|true
STATE|3|2|3|1|cropped|true
STATE|3|2|3|1|totalLivestock|[5 6 6 6 1 3 1 3 6 9 7 7 5 8 10 7 2 5 5 3]
STATE|3|2|3|1|treeCount|1.38
STATE|3|2|3|1|grassMass|4.76
STATE|3|2|3|1|pAttack|2.87
STATE|3|2|3|1|arable|true
STATE|3|2|3|1|totalHarvest|0.34
STATE|3|2|3|1|animalLoss|6.26
STATE|3|2|3|1|ownedBy|3
STATE|3|2|3|1|village|3
STATE|3|2|3|1|shared?|false
STATE|3|2|3|2|animalCount|[3 7 7 7 1 9 5 1 5 9 3 9 0 2 6 3 5 2 10 7]
STATE|3|2|3|2|forageCount|6.4
STATE|3|2|3|2|forageMass|6.49
STATE|3|2|3|2|fenced?|false
STATE|3|2|3|2|attacked?|true
STATE|3|2|3|2|cropped|false
STATE|3|2|3|2|totalLivestock|[7 10 0 1 3 6 2 7 8 8 10 4 8 9 0 9 3 10 2 7]
STATE|3|2|3|2|treeCount|2.73
STATE|3|2|3|2|grassMass|5.99
STATE|3|2|3|2|pAttack|2.12
STATE|3|2|3|2|arable|false
STATE|3|2|3|2|totalHarvest|3.5
STATE|3|2|3|2|animalLoss|4.96
STATE|3|2|3|2|ownedBy|0
STATE|3|2|3|2|village|1
STATE|3|2|3|2|shared?|true
STATE|3|2|3|3|animalCount|[1 5 3 2 7 5 5 7 2 2 2 8 0 9 2 3 3 1 6 2]
STATE|3|2|3|3|forageCount|3.51
STATE|3|2|3|3|forageMass|3.99
STATE|3|2|3|3|fenced?|false
STATE|3|2|3|3|attacked?|true
STATE|3|2|3|3|cropped|false
STATE|3|2|3|3|totalLivestock|[2 0 8 4 3 0 4 8 7 7 9 9 4 1 4 3 2 5 7 8]
STATE|3|2|3|3|treeCount|4.28
STATE|3|2|3|3|grassMass|4.03
STATE|3|2|3|3|pAttack|4.98
STATE|3|2|3|3|arable|true
STATE|3|2|3|3|totalHarvest|3.92
STATE|3|2|3|3|animalLoss|2.95
STATE|3|2|3|3|ownedBy|1
STATE|3|2|3|3|village|3
STATE|3|2|3|3|shared?|true
CHOICE|3|2|1|2|3|-99|12:43:52.000 PM 28-Sep-2026
CHOICE|3|2|1|2|3|1|12:43:55.000 PM 28-Sep-2026
CHOICE|3|2|1|2|3|3|12:44:08.000 PM 28-Sep-2026
CONFIRM|3|2|1|12:44:20.000 PM 28-Sep-2026
CHOICE|3|2|2|3|1|-99|12:44:30.000 PM 28-Sep-2026
CHOICE|3|2|2|1|3|-99|12:44:31.000 PM 28-Sep-2026
CONFIRM|3|2|2|12:44:46.000 PM 28-Sep-2026
CHOICE|3|2|3|2|3|-99|12:44:54.000 PM 28-Sep-2026
CONFIRM|3|2|3|12:45:04.000 PM 28-Sep-2026
CHOICE|3|2|4|2|2|4|12:45:06.000 PM 28-Sep-2026
CHOICE|3|2|4|1|0|-99|12:45:13.000 PM 28-Sep-2026
CONFIRM|3|2|4|12:45:26.000 PM 28-Sep-2026
CHOICE|3|2|5|3|0|-99|12:45:39.000 PM 28-Sep-2026
CHOICE|3|2|5|3|0|-99|12:45:40.000 PM 28-Sep-2026
CHOICE|3|2|5|1|2|3|12:45:48.000 PM 28-Sep-2026
CONFIRM|3|2|5|12:45:49.000 PM 28-Sep-2026
CHOICE|3|2|6|0|2|1|12:46:00.000 PM 28-Sep-2026
CONFIRM|3|2|6|12:46:08.000 PM 28-Sep-2026
CHOICE|3|2|7|1|2|-99|12:46:21.000 PM 28-Sep-2026
CHOICE|3|2|7|1|2|2|12:46:34.000 PM 28-Sep-2026
CHOICE|3|2|7|1|2|-99|12:46:47.000 PM 28-Sep-2026
CONFIRM|3|2|7|12:47:00.000 PM 28-Sep-2026
CHOICE|3|2|8|2|3|-99|12:47:06.000 PM 28-Sep-2026
CHOICE|3|2|8|3|0|4|12:47:15.000 PM 28-Sep-2026
CONFIRM|3|2|8|12:47:21.000 PM 28-Sep-2026
CHOICE|3|2|9|1|0|2|12:47:28.000 PM 28-Sep-2026
CHOICE|3|2|9|1|2|-99|12:47:29.000 PM 28-Sep-2026
CONFIRM|3|2|9|12:47:40.000 PM 28-Sep-2026
CHOICE|3|2|10|3|2|4|12:47:45.000 PM 28-Sep-2026
CHOICE|3|2|10|0|2|1|12:47:57.000 PM 28-Sep-2026
CONFIRM|3|2|10|12:48:11.000 PM 28-Sep-2026
CHOICE|3|2|11|3|1|2|12:48:25.000 PM 28-Sep-2026
CHOICE|3|2|11|1|2|1|12:48:37.000 PM 28-Sep-2026
CHOICE|3|2|11|1|2|-99|12:48:45.000 PM 28-Sep-2026
CONFIRM|3|2|11|12:48:51.000 PM 28-Sep-2026
CHOICE|3|2|12|0|1|4|12:49:00.000 PM 28-Sep-2026
CONFIRM|3|2|12|12:49:01.000 PM 28-Sep-2026
CHOICE|3|2|13|2|3|3|12:49:03.000 PM 28-Sep-2026
CONFIRM|3|2|13|12:49:15.000 PM 28-Sep-2026
CHOICE|3|2|14|2|2|1|12:49:18.000 PM 28-Sep-2026
CHOICE|3|2|14|2|2|-99|12:49:19.000 PM 28-Sep-2026
CONFIRM|3|2|14|12:49:29.000 PM 28-Sep-2026
CHOICE|3|2|15|2|3|-99|12:49:42.000 PM 28-Sep-2026
CHOICE|3|2|15|3|2|3|12:49:46.000 PM 28-Sep-2026
CONFIRM|3|2|15|12:49:49.000 PM 28-Sep-2026
CHOICE|3|2|16|1|3|-99|12:50:04.000 PM 28-Sep-2026
CHOICE|3|2|16|1|3|-99|12:50:07.000 PM 28-Sep-2026
CHOICE|3|2|16|3|0|-99|12:50:10.000 PM 28-Sep-2026
CONFIRM|3|2|16|12:50:17.000 PM 28-Sep-2026
CHOICE|3|2|17|2|0|2|12:50:25.000 PM 28-Sep-2026
CHOICE|3|2|17|2|0|4|12:50:30.000 PM 28-Sep-2026
CONFIRM|3|2|17|12:50:36.000 PM 28-Sep-2026
CHOICE|3|2|18|1|2|-99|12:50:51.000 PM 28-Sep-2026
CONFIRM|3|2|18|12:51:02.000 PM 28-Sep-2026
CHOICE|3|2|19|3|0|3|12:51:12.000 PM 28-Sep-2026
CONFIRM|3|2|19|12:51:23.000 PM 28-Sep-2026
CHOICE|3|2|20|0|3|-99|12:51:33.000 PM 28-Sep-2026
CONFIRM|3|2|20|12:51:41.000 PM 28-Sep-2026
SCORE|3|2|1|6|16|19
SCORE|3|2|2|15|61|4
SCORE|3|2|3|16|60|8
SCORE|3|2|4|13|34|2
SCORE|3|2|5|7|40|5
SCORE|3|2|6|20|58|10
SCORE|3|2|7|16|36|18
SCORE|3|2|8|2|50|3
SCORE|3|2|9|6|46|0
SCORE|3|2|10|19|54|5
SCORE|3|2|11|1|25|18
SCORE|3|2|12|3|21|19
SCORE|3|2|13|9|44|13
SCORE|3|2|14|3|20|18
SCORE|3|2|15|4|22|8
SCORE|3|2|16|0|16|0
SCORE|3|2|17|10|41|1
SCORE|3|2|18|1|27|4
SCORE|3|2|19|1|41|6
SCORE|3|2|20|3|6|12
